,2014,2015,2016,2017,2018,2019,2020,2021
0,2473,-1,-1,-1,-1,-1,-1,-1
1,3121,-1,-1,-1,-1,-1,-1,-1
2,9601,-1,-1,-1,-1,-1,-1,-1
3,9658,-1,-1,-1,-1,-1,-1,-1
4,936,-1,-1,-1,-1,-1,-1,-1
5,228,-1,-1,-1,-1,-1,-1,-1
6,2166,-1,-1,-1,-1,-1,-1,-1
7,3276,-1,-1,-1,-1,-1,-1,-1
8,6145,-1,-1,-1,-1,-1,-1,-1
9,2947,-1,-1,-1,-1,-1,-1,-1
10,3592,-1,-1,-1,-1,-1,-1,-1
11,2623,-1,-1,-1,-1,-1,-1,-1
12,3094,-1,-1,-1,-1,-1,-1,-1
13,2024,-1,-1,-1,-1,-1,-1,-1
14,4611,-1,-1,-1,-1,-1,-1,-1
15,2524,-1,-1,-1,-1,-1,-1,-1
16,4483,-1,-1,-1,-1,-1,-1,-1
17,6343,-1,-1,-1,-1,-1,-1,-1
18,4902,-1,-1,-1,-1,-1,-1,-1
19,1419,2885,-1,-1,-1,-1,-1,-1
20,2577,-1,-1,-1,-1,-1,-1,-1
21,4609,-1,-1,-1,-1,-1,-1,-1
22,2638,-1,-1,-1,-1,-1,-1,-1
23,136,-1,-1,-1,-1,-1,-1,-1
24,571,-1,-1,-1,-1,-1,-1,-1
25,3446,-1,-1,-1,-1,-1,-1,-1
26,1421,-1,-1,-1,-1,-1,-1,-1
27,3477,-1,-1,-1,-1,-1,-1,-1
28,1767,2560,-1,-1,-1,-1,-1,-1
29,1996,-1,-1,-1,-1,-1,-1,-1
30,7717,-1,-1,-1,-1,-1,-1,-1
31,5817,-1,-1,-1,-1,-1,-1,-1
32,2221,-1,-1,-1,-1,-1,-1,-1
33,985,-1,-1,-1,-1,-1,-1,-1
34,4223,-1,-1,-1,-1,-1,-1,-1
35,2580,-1,-1,-1,-1,-1,-1,-1
36,1939,-1,-1,-1,-1,-1,-1,-1
37,3268,-1,-1,-1,-1,-1,-1,-1
38,1891,-1,-1,-1,-1,-1,-1,-1
39,6758,-1,-1,-1,-1,-1,-1,-1
40,2338,-1,-1,-1,-1,-1,-1,-1
41,4156,-1,-1,-1,-1,-1,-1,-1
42,940,2219,-1,-1,-1,-1,-1,-1
43,2006,-1,-1,-1,-1,-1,-1,-1
44,6067,-1,-1,-1,-1,-1,-1,-1
45,2330,-1,-1,-1,-1,-1,-1,-1
46,2050,-1,-1,-1,-1,-1,-1,-1
47,3097,-1,-1,-1,-1,-1,-1,-1
48,4373,-1,-1,-1,-1,-1,-1,-1
49,1228,-1,-1,-1,-1,-1,-1,-1
50,1810,-1,-1,-1,-1,-1,-1,-1
51,1351,-1,-1,-1,-1,-1,-1,-1
52,2958,-1,-1,-1,-1,-1,-1,-1
53,1161,-1,-1,-1,-1,-1,-1,-1
54,1323,-1,-1,-1,-1,-1,-1,-1
55,4313,-1,-1,-1,-1,-1,-1,-1
56,1683,-1,-1,-1,-1,-1,-1,-1
57,313,-1,-1,-1,-1,-1,-1,-1
58,2827,-1,-1,-1,-1,-1,-1,-1
59,4244,-1,-1,-1,-1,-1,-1,-1
60,3721,-1,-1,-1,-1,-1,-1,-1
61,3647,-1,-1,-1,-1,-1,-1,-1
62,8046,-1,-1,-1,-1,-1,-1,-1
63,4012,-1,-1,-1,-1,-1,-1,-1
64,4515,-1,-1,-1,-1,-1,-1,-1
65,3465,-1,-1,-1,-1,-1,-1,-1
66,5005,-1,-1,-1,-1,-1,-1,-1
67,4229,-1,-1,-1,-1,-1,-1,-1
68,2449,-1,-1,-1,-1,-1,-1,-1
69,2684,-1,-1,-1,-1,-1,-1,-1
70,2904,6148,-1,-1,-1,-1,-1,-1
71,2203,-1,-1,-1,-1,-1,-1,-1
72,3161,-1,-1,-1,-1,-1,-1,-1
73,1840,-1,-1,-1,-1,-1,-1,-1
74,3109,-1,-1,-1,-1,-1,-1,-1
75,6372,-1,-1,-1,-1,-1,-1,-1
76,3124,-1,-1,-1,-1,-1,-1,-1
77,1461,-1,-1,-1,-1,-1,-1,-1
78,8427,-1,-1,-1,-1,-1,-1,-1
79,2370,-1,-1,-1,-1,-1,-1,-1
80,2162,-1,-1,-1,-1,-1,-1,-1
81,7918,-1,-1,-1,-1,-1,-1,-1
82,2682,5812,-1,-1,-1,-1,-1,-1
83,3478,-1,-1,-1,-1,-1,-1,-1
84,1950,-1,-1,-1,-1,-1,-1,-1
85,2344,-1,-1,-1,-1,-1,-1,-1
86,788,-1,-1,-1,-1,-1,-1,-1
87,168,-1,-1,-1,-1,-1,-1,-1
88,5682,14192,-1,-1,-1,-1,-1,-1
89,2472,-1,-1,-1,-1,-1,-1,-1
90,15286,-1,-1,-1,-1,-1,-1,-1
91,10140,-1,-1,-1,-1,-1,-1,-1
92,7784,-1,-1,-1,-1,-1,-1,-1
93,6534,-1,-1,-1,-1,-1,-1,-1
94,2468,-1,-1,-1,-1,-1,-1,-1
95,4431,8064,12892,-1,-1,-1,-1,-1
96,2288,-1,-1,-1,-1,-1,-1,-1
97,2858,6476,13577,22194,-1,-1,-1,-1
98,4423,-1,-1,-1,-1,-1,-1,-1
99,2580,-1,-1,-1,-1,-1,-1,-1
100,1589,-1,-1,-1,-1,-1,-1,-1
101,23547,-1,-1,-1,-1,-1,-1,-1
102,24788,-1,-1,-1,-1,-1,-1,-1
103,311,4852,8624,-1,-1,-1,-1,-1
104,839,5974,-1,-1,-1,-1,-1,-1
105,157,2056,-1,-1,-1,-1,-1,-1
106,8640,-1,-1,-1,-1,-1,-1,-1
107,2816,-1,-1,-1,-1,-1,-1,-1
108,10417,12701,-1,-1,-1,-1,-1,-1
109,3453,-1,-1,-1,-1,-1,-1,-1
110,4919,10406,19076,-1,-1,-1,-1,-1
111,2272,6138,-1,-1,-1,-1,-1,-1
112,1847,-1,-1,-1,-1,-1,-1,-1
113,4022,3885,-1,-1,-1,-1,-1,-1
114,4876,-1,-1,-1,-1,-1,-1,-1
115,3428,6604,-1,-1,-1,-1,-1,-1
116,2324,7681,-1,-1,-1,-1,-1,-1
117,2020,-1,-1,-1,-1,-1,-1,-1
118,7217,14543,-1,-1,-1,-1,-1,-1
119,24762,-1,-1,-1,-1,-1,-1,-1
120,4421,-1,-1,-1,-1,-1,-1,-1
121,5284,-1,-1,-1,-1,-1,-1,-1
122,6123,-1,-1,-1,-1,-1,-1,-1
123,1522,3704,-1,-1,-1,-1,-1,-1
124,11336,18906,34988,-1,-1,-1,-1,-1
125,14376,30538,-1,-1,-1,-1,-1,-1
126,2916,-1,-1,-1,-1,-1,-1,-1
127,472,1000,-1,-1,-1,-1,-1,-1
128,4521,9286,-1,-1,-1,-1,-1,-1
129,4054,-1,-1,-1,-1,-1,-1,-1
130,128,-1,-1,-1,-1,-1,-1,-1
131,282,4456,-1,-1,-1,-1,-1,-1
132,1086,-1,-1,-1,-1,-1,-1,-1
133,2102,4306,-1,-1,-1,-1,-1,-1
134,9134,-1,-1,-1,-1,-1,-1,-1
135,3019,7650,-1,-1,-1,-1,-1,-1
136,3229,-1,-1,-1,-1,-1,-1,-1
137,2071,-1,-1,-1,-1,-1,-1,-1
138,329,4350,-1,-1,-1,-1,-1,-1
139,16545,-1,-1,-1,-1,-1,-1,-1
140,3997,-1,-1,-1,-1,-1,-1,-1
141,2252,5567,11661,-1,-1,-1,-1,-1
142,2887,-1,-1,-1,-1,-1,-1,-1
143,14775,-1,-1,-1,-1,-1,-1,-1
144,3053,8113,18310,-1,-1,-1,-1,-1
145,4604,-1,-1,-1,-1,-1,-1,-1
146,2770,5272,-1,-1,-1,-1,-1,-1
147,1214,-1,-1,-1,-1,-1,-1,-1
148,263,-1,-1,-1,-1,-1,-1,-1
149,3148,6714,10505,7460,-1,-1,-1,-1
150,1520,1928,4856,-1,-1,-1,-1,-1
151,392,5655,-1,-1,-1,-1,-1,-1
152,1326,2675,-1,-1,-1,-1,-1,-1
153,138,4964,-1,-1,-1,-1,-1,-1
154,2673,3786,2637,7460,-1,-1,-1,-1
155,1879,-1,-1,-1,-1,-1,-1,-1
156,500,-1,-1,-1,-1,-1,-1,-1
157,3098,-1,-1,-1,-1,-1,-1,-1
158,249,5910,18849,-1,-1,-1,-1,-1
159,1174,2642,5654,-1,-1,-1,-1,-1
160,321,-1,-1,-1,-1,-1,-1,-1
161,2055,-1,-1,-1,-1,-1,-1,-1
162,636,-1,-1,-1,-1,-1,-1,-1
163,356,-1,-1,-1,-1,-1,-1,-1
164,17254,-1,-1,-1,-1,-1,-1,-1
165,6083,-1,-1,-1,-1,-1,-1,-1
166,17359,-1,-1,-1,-1,-1,-1,-1
167,1838,8673,-1,-1,-1,-1,-1,-1
168,1145,1989,-1,-1,-1,-1,-1,-1
169,3481,-1,-1,-1,-1,-1,-1,-1
170,9060,16419,26051,36446,-1,-1,-1,-1
171,4433,-1,-1,-1,-1,-1,-1,-1
172,2811,5045,-1,-1,-1,-1,-1,-1
173,12394,-1,-1,-1,-1,-1,-1,-1
174,1861,-1,-1,-1,-1,-1,-1,-1
175,11632,21088,-1,-1,-1,-1,-1,-1
176,4968,-1,-1,-1,-1,-1,-1,-1
177,2414,-1,-1,-1,-1,-1,-1,-1
178,132,3766,-1,-1,-1,-1,-1,-1
179,2045,6511,-1,-1,-1,-1,-1,-1
180,3620,8675,-1,-1,-1,-1,-1,-1
181,428,-1,-1,-1,-1,-1,-1,-1
182,6418,-1,-1,-1,-1,-1,-1,-1
183,2370,6414,13172,20194,-1,-1,-1,-1
184,236,5181,12384,20702,-1,-1,-1,-1
185,2434,9644,20219,-1,-1,-1,-1,-1
186,2984,6737,-1,-1,-1,-1,-1,-1
187,5174,11994,23086,-1,-1,-1,-1,-1
188,3108,-1,-1,-1,-1,-1,-1,-1
189,171,-1,-1,-1,-1,-1,-1,-1
190,4572,9739,-1,-1,-1,-1,-1,-1
191,1620,2443,-1,-1,-1,-1,-1,-1
192,1715,-1,-1,-1,-1,-1,-1,-1
193,6606,-1,-1,-1,-1,-1,-1,-1
194,4825,-1,-1,-1,-1,-1,-1,-1
195,3169,-1,-1,-1,-1,-1,-1,-1
196,2451,6876,13769,-1,-1,-1,-1,-1
197,1338,-1,-1,-1,-1,-1,-1,-1
198,2332,-1,-1,-1,-1,-1,-1,-1
199,8529,-1,-1,-1,-1,-1,-1,-1
200,4190,-1,-1,-1,-1,-1,-1,-1
201,3916,-1,-1,-1,-1,-1,-1,-1
202,195,3675,11169,-1,-1,-1,-1,-1
203,3826,10991,-1,-1,-1,-1,-1,-1
204,1783,8680,18894,-1,-1,-1,-1,-1
205,2616,7734,-1,-1,-1,-1,-1,-1
206,5176,-1,-1,-1,-1,-1,-1,-1
207,3788,-1,-1,-1,-1,-1,-1,-1
208,1570,-1,-1,-1,-1,-1,-1,-1
209,3371,-1,-1,-1,-1,-1,-1,-1
210,3939,7954,-1,-1,-1,-1,-1,-1
211,3804,8312,-1,-1,-1,-1,-1,-1
212,3750,11320,22050,-1,-1,-1,-1,-1
213,3924,-1,-1,-1,-1,-1,-1,-1
214,3871,-1,-1,-1,-1,-1,-1,-1
215,7280,-1,-1,-1,-1,-1,-1,-1
216,4225,11352,-1,-1,-1,-1,-1,-1
217,2259,5784,-1,-1,-1,-1,-1,-1
218,5224,14838,-1,-1,-1,-1,-1,-1
219,3103,-1,-1,-1,-1,-1,-1,-1
220,2823,-1,-1,-1,-1,-1,-1,-1
221,2684,4791,-1,-1,-1,-1,-1,-1
222,5600,-1,-1,-1,-1,-1,-1,-1
223,3584,-1,-1,-1,-1,-1,-1,-1
224,4683,-1,-1,-1,-1,-1,-1,-1
225,5505,18207,-1,-1,-1,-1,-1,-1
226,3914,-1,-1,-1,-1,-1,-1,-1
227,8276,-1,-1,-1,-1,-1,-1,-1
228,3256,-1,-1,-1,-1,-1,-1,-1
229,4284,-1,-1,-1,-1,-1,-1,-1
230,1769,-1,-1,-1,-1,-1,-1,-1
231,3241,-1,-1,-1,-1,-1,-1,-1
232,4479,-1,-1,-1,-1,-1,-1,-1
233,2219,-1,-1,-1,-1,-1,-1,-1
234,5355,14202,-1,-1,-1,-1,-1,-1
235,4365,2965,-1,-1,-1,-1,-1,-1
236,5711,-1,-1,-1,-1,-1,-1,-1
237,2161,-1,-1,-1,-1,-1,-1,-1
238,3062,9434,15333,-1,-1,-1,-1,-1
239,13063,-1,-1,-1,-1,-1,-1,-1
240,8179,-1,-1,-1,-1,-1,-1,-1
241,5943,-1,-1,-1,-1,-1,-1,-1
242,5725,-1,-1,-1,-1,-1,-1,-1
243,246,5237,14095,-1,-1,-1,-1,-1
244,228,-1,-1,-1,-1,-1,-1,-1
245,260,-1,-1,-1,-1,-1,-1,-1
246,4796,-1,-1,-1,-1,-1,-1,-1
247,228,-1,-1,-1,-1,-1,-1,-1
248,2711,-1,-1,-1,-1,-1,-1,-1
249,559,-1,-1,-1,-1,-1,-1,-1
250,5729,-1,-1,-1,-1,-1,-1,-1
251,552,-1,-1,-1,-1,-1,-1,-1
252,4714,-1,-1,-1,-1,-1,-1,-1
253,12906,19261,-1,-1,-1,-1,-1,-1
254,164,-1,-1,-1,-1,-1,-1,-1
255,3055,-1,-1,-1,-1,-1,-1,-1
256,4755,-1,-1,-1,-1,-1,-1,-1
257,1256,-1,-1,-1,-1,-1,-1,-1
258,7227,-1,-1,-1,-1,-1,-1,-1
259,805,7321,-1,-1,-1,-1,-1,-1
260,4538,-1,-1,-1,-1,-1,-1,-1
261,18891,-1,-1,-1,-1,-1,-1,-1
262,2857,-1,-1,-1,-1,-1,-1,-1
263,3921,-1,-1,-1,-1,-1,-1,-1
264,1725,-1,-1,-1,-1,-1,-1,-1
265,1779,-1,-1,-1,-1,-1,-1,-1
266,1176,-1,-1,-1,-1,-1,-1,-1
267,2004,6354,-1,-1,-1,-1,-1,-1
268,2953,9564,17877,-1,-1,-1,-1,-1
269,4668,13223,-1,-1,-1,-1,-1,-1
270,5459,11123,-1,-1,-1,-1,-1,-1
271,261,7189,-1,-1,-1,-1,-1,-1
272,5442,-1,-1,-1,-1,-1,-1,-1
273,198,3974,-1,-1,-1,-1,-1,-1
274,184,1088,-1,-1,-1,-1,-1,-1
275,12199,-1,-1,-1,-1,-1,-1,-1
276,6796,17865,-1,-1,-1,-1,-1,-1
277,2407,15553,-1,-1,-1,-1,-1,-1
278,10488,20554,36327,50518,-1,-1,-1,-1
279,606,-1,-1,-1,-1,-1,-1,-1
280,6046,-1,-1,-1,-1,-1,-1,-1
281,124,1684,-1,-1,-1,-1,-1,-1
282,5131,13073,23614,-1,-1,-1,-1,-1
283,5659,13701,20894,32290,-1,-1,-1,-1
284,6453,-1,-1,-1,-1,-1,-1,-1
285,5111,17803,-1,-1,-1,-1,-1,-1
286,741,-1,-1,-1,-1,-1,-1,-1
287,6201,-1,-1,-1,-1,-1,-1,-1
288,403,-1,-1,-1,-1,-1,-1,-1
289,4740,-1,-1,-1,-1,-1,-1,-1
290,1811,4360,-1,-1,-1,-1,-1,-1
291,1774,-1,-1,-1,-1,-1,-1,-1
292,3875,-1,-1,-1,-1,-1,-1,-1
293,3077,-1,-1,-1,-1,-1,-1,-1
294,5713,-1,-1,-1,-1,-1,-1,-1
295,315,-1,-1,-1,-1,-1,-1,-1
296,2215,-1,-1,-1,-1,-1,-1,-1
297,1380,5224,10895,17846,28736,-1,-1,-1
298,1925,-1,-1,-1,-1,-1,-1,-1
299,1170,-1,-1,-1,-1,-1,-1,-1
300,1571,-1,-1,-1,-1,-1,-1,-1
301,5258,-1,-1,-1,-1,-1,-1,-1
302,701,2997,5898,-1,-1,-1,-1,-1
303,2787,-1,-1,-1,-1,-1,-1,-1
304,5041,-1,-1,-1,-1,-1,-1,-1
305,3158,-1,-1,-1,-1,-1,-1,-1
306,4117,-1,-1,-1,-1,-1,-1,-1
307,2595,-1,-1,-1,-1,-1,-1,-1
308,892,-1,-1,-1,-1,-1,-1,-1
309,468,-1,-1,-1,-1,-1,-1,-1
310,2405,-1,-1,-1,-1,-1,-1,-1
311,1678,-1,-1,-1,-1,-1,-1,-1
312,16424,-1,-1,-1,-1,-1,-1,-1
313,8122,-1,-1,-1,-1,-1,-1,-1
314,4427,-1,-1,-1,-1,-1,-1,-1
315,619,-1,-1,-1,-1,-1,-1,-1
316,1933,-1,-1,-1,-1,-1,-1,-1
317,10876,-1,-1,-1,-1,-1,-1,-1
318,1288,3664,6436,-1,-1,-1,-1,-1
319,15767,-1,-1,-1,-1,-1,-1,-1
320,2684,9785,-1,-1,-1,-1,-1,-1
321,1717,-1,-1,-1,-1,-1,-1,-1
322,3683,-1,-1,-1,-1,-1,-1,-1
323,1432,-1,-1,-1,-1,-1,-1,-1
324,4862,-1,-1,-1,-1,-1,-1,-1
325,14276,-1,-1,-1,-1,-1,-1,-1
326,2367,-1,-1,-1,-1,-1,-1,-1
327,10380,-1,-1,-1,-1,-1,-1,-1
328,1464,-1,-1,-1,-1,-1,-1,-1
329,354,2872,-1,-1,-1,-1,-1,-1
330,467,-1,-1,-1,-1,-1,-1,-1
331,2009,-1,-1,-1,-1,-1,-1,-1
332,3930,-1,-1,-1,-1,-1,-1,-1
333,350,6466,-1,-1,-1,-1,-1,-1
334,4997,-1,-1,-1,-1,-1,-1,-1
335,298,6161,-1,-1,-1,-1,-1,-1
336,1477,-1,-1,-1,-1,-1,-1,-1
337,136,718,-1,-1,-1,-1,-1,-1
338,2733,-1,-1,-1,-1,-1,-1,-1
339,3264,-1,-1,-1,-1,-1,-1,-1
340,1573,-1,-1,-1,-1,-1,-1,-1
341,1689,-1,-1,-1,-1,-1,-1,-1
342,222,-1,-1,-1,-1,-1,-1,-1
343,709,-1,-1,-1,-1,-1,-1,-1
344,1638,-1,-1,-1,-1,-1,-1,-1
345,1396,-1,-1,-1,-1,-1,-1,-1
346,4812,-1,-1,-1,-1,-1,-1,-1
347,5992,-1,-1,-1,-1,-1,-1,-1
348,803,-1,-1,-1,-1,-1,-1,-1
349,2981,-1,-1,-1,-1,-1,-1,-1
350,3070,-1,-1,-1,-1,-1,-1,-1
351,2713,-1,-1,-1,-1,-1,-1,-1
352,2298,-1,-1,-1,-1,-1,-1,-1
353,4028,-1,-1,-1,-1,-1,-1,-1
354,253,-1,-1,-1,-1,-1,-1,-1
355,1375,-1,-1,-1,-1,-1,-1,-1
356,5390,-1,-1,-1,-1,-1,-1,-1
357,1362,-1,-1,-1,-1,-1,-1,-1
358,145,3042,7067,11790,-1,-1,-1,-1
359,12459,-1,-1,-1,-1,-1,-1,-1
360,102,-1,-1,-1,-1,-1,-1,-1
361,1677,-1,-1,-1,-1,-1,-1,-1
362,4740,-1,-1,-1,-1,-1,-1,-1
363,124,3211,-1,-1,-1,-1,-1,-1
364,1545,3944,-1,-1,-1,-1,-1,-1
365,1465,-1,-1,-1,-1,-1,-1,-1
366,174,-1,-1,-1,-1,-1,-1,-1
367,4752,-1,-1,-1,-1,-1,-1,-1
368,587,-1,-1,-1,-1,-1,-1,-1
369,785,5689,12610,-1,-1,-1,-1,-1
370,1626,-1,-1,-1,-1,-1,-1,-1
371,2146,-1,-1,-1,-1,-1,-1,-1
372,6904,-1,-1,-1,-1,-1,-1,-1
373,1237,-1,-1,-1,-1,-1,-1,-1
374,1770,-1,-1,-1,-1,-1,-1,-1
375,1863,-1,-1,-1,-1,-1,-1,-1
376,271,2184,-1,-1,-1,-1,-1,-1
377,1862,3689,-1,-1,-1,-1,-1,-1
378,353,-1,-1,-1,-1,-1,-1,-1
379,932,-1,-1,-1,-1,-1,-1,-1
380,6619,-1,-1,-1,-1,-1,-1,-1
381,356,-1,-1,-1,-1,-1,-1,-1
382,289,-1,-1,-1,-1,-1,-1,-1
383,3255,-1,-1,-1,-1,-1,-1,-1
384,362,6743,18353,-1,-1,-1,-1,-1
385,1242,-1,-1,-1,-1,-1,-1,-1
386,3410,-1,-1,-1,-1,-1,-1,-1
387,1759,-1,-1,-1,-1,-1,-1,-1
388,317,-1,-1,-1,-1,-1,-1,-1
389,508,-1,-1,-1,-1,-1,-1,-1
390,536,-1,-1,-1,-1,-1,-1,-1
391,1669,-1,-1,-1,-1,-1,-1,-1
392,1417,-1,-1,-1,-1,-1,-1,-1
393,1065,3987,7971,11269,20122,-1,-1,-1
394,4004,-1,-1,-1,-1,-1,-1,-1
395,1178,-1,-1,-1,-1,-1,-1,-1
396,4722,-1,-1,-1,-1,-1,-1,-1
397,2424,3980,-1,-1,-1,-1,-1,-1
398,829,-1,-1,-1,-1,-1,-1,-1
399,1159,-1,-1,-1,-1,-1,-1,-1
400,239,3614,-1,-1,-1,-1,-1,-1
401,1896,-1,-1,-1,-1,-1,-1,-1
402,3784,-1,-1,-1,-1,-1,-1,-1
403,270,-1,-1,-1,-1,-1,-1,-1
404,1220,-1,-1,-1,-1,-1,-1,-1
405,6509,-1,-1,-1,-1,-1,-1,-1
406,2106,-1,-1,-1,-1,-1,-1,-1
407,4536,-1,-1,-1,-1,-1,-1,-1
408,4706,-1,-1,-1,-1,-1,-1,-1
409,2995,-1,-1,-1,-1,-1,-1,-1
410,2257,-1,-1,-1,-1,-1,-1,-1
411,2439,-1,-1,-1,-1,-1,-1,-1
412,2402,-1,-1,-1,-1,-1,-1,-1
413,4605,-1,-1,-1,-1,-1,-1,-1
414,6575,-1,-1,-1,-1,-1,-1,-1
415,3336,-1,-1,-1,-1,-1,-1,-1
416,2276,-1,-1,-1,-1,-1,-1,-1
417,1613,-1,-1,-1,-1,-1,-1,-1
418,5606,-1,-1,-1,-1,-1,-1,-1
419,1698,-1,-1,-1,-1,-1,-1,-1
420,3196,-1,-1,-1,-1,-1,-1,-1
421,3843,-1,-1,-1,-1,-1,-1,-1
422,2062,-1,-1,-1,-1,-1,-1,-1
423,2044,-1,-1,-1,-1,-1,-1,-1
424,1366,-1,-1,-1,-1,-1,-1,-1
425,1554,-1,-1,-1,-1,-1,-1,-1
426,2840,-1,-1,-1,-1,-1,-1,-1
427,3152,-1,-1,-1,-1,-1,-1,-1
428,3041,-1,-1,-1,-1,-1,-1,-1
429,2721,-1,-1,-1,-1,-1,-1,-1
430,3934,-1,-1,-1,-1,-1,-1,-1
431,611,-1,-1,-1,-1,-1,-1,-1
432,2899,5940,-1,-1,-1,-1,-1,-1
433,772,-1,-1,-1,-1,-1,-1,-1
434,485,-1,-1,-1,-1,-1,-1,-1
435,6209,-1,-1,-1,-1,-1,-1,-1
436,3503,-1,-1,-1,-1,-1,-1,-1
437,4881,-1,-1,-1,-1,-1,-1,-1
438,992,-1,-1,-1,-1,-1,-1,-1
439,3927,-1,-1,-1,-1,-1,-1,-1
440,3701,-1,-1,-1,-1,-1,-1,-1
441,1701,-1,-1,-1,-1,-1,-1,-1
442,120,6776,-1,-1,-1,-1,-1,-1
443,429,-1,-1,-1,-1,-1,-1,-1
444,2604,-1,-1,-1,-1,-1,-1,-1
445,1299,-1,-1,-1,-1,-1,-1,-1
446,2341,1810,-1,-1,-1,-1,-1,-1
447,1270,-1,-1,-1,-1,-1,-1,-1
448,188,-1,-1,-1,-1,-1,-1,-1
449,242,-1,-1,-1,-1,-1,-1,-1
450,2394,-1,-1,-1,-1,-1,-1,-1
451,1149,-1,-1,-1,-1,-1,-1,-1
452,2001,-1,-1,-1,-1,-1,-1,-1
453,472,-1,-1,-1,-1,-1,-1,-1
454,465,8377,23696,-1,-1,-1,-1,-1
455,1398,-1,-1,-1,-1,-1,-1,-1
456,1854,-1,-1,-1,-1,-1,-1,-1
457,1852,-1,-1,-1,-1,-1,-1,-1
458,2141,-1,-1,-1,-1,-1,-1,-1
459,1643,-1,-1,-1,-1,-1,-1,-1
460,828,-1,-1,-1,-1,-1,-1,-1
461,1423,7521,17298,-1,-1,-1,-1,-1
462,3153,-1,-1,-1,-1,-1,-1,-1
463,710,-1,-1,-1,-1,-1,-1,-1
464,483,8113,-1,-1,-1,-1,-1,-1
465,1620,-1,-1,-1,-1,-1,-1,-1
466,828,4041,-1,-1,-1,-1,-1,-1
467,120,2799,7908,-1,-1,-1,-1,-1
468,5405,-1,-1,-1,-1,-1,-1,-1
469,1258,-1,-1,-1,-1,-1,-1,-1
470,2647,5643,-1,-1,-1,-1,-1,-1
471,373,-1,-1,-1,-1,-1,-1,-1
472,388,1658,-1,-1,-1,-1,-1,-1
473,212,6033,-1,-1,-1,-1,-1,-1
474,11852,21555,-1,-1,-1,-1,-1,-1
475,367,-1,-1,-1,-1,-1,-1,-1
476,10267,21164,33608,-1,-1,-1,-1,-1
477,7325,20401,35418,47496,-1,-1,-1,-1
478,312,4724,-1,-1,-1,-1,-1,-1
479,5722,-1,-1,-1,-1,-1,-1,-1
480,2368,8990,16612,-1,-1,-1,-1,-1
481,4546,-1,-1,-1,-1,-1,-1,-1
482,588,-1,-1,-1,-1,-1,-1,-1
483,3727,11677,21094,-1,-1,-1,-1,-1
484,6551,14815,24163,-1,-1,-1,-1,-1
485,175,2515,-1,-1,-1,-1,-1,-1
486,6926,18227,31056,-1,-1,-1,-1,-1
487,4590,11556,-1,-1,-1,-1,-1,-1
488,6039,16847,32716,-1,-1,-1,-1,-1
489,1965,-1,-1,-1,-1,-1,-1,-1
490,1201,-1,-1,-1,-1,-1,-1,-1
491,174,-1,-1,-1,-1,-1,-1,-1
492,219,6329,-1,-1,-1,-1,-1,-1
493,6064,-1,-1,-1,-1,-1,-1,-1
494,2133,-1,-1,-1,-1,-1,-1,-1
495,3013,-1,-1,-1,-1,-1,-1,-1
496,3391,-1,-1,-1,-1,-1,-1,-1
497,909,5761,-1,-1,-1,-1,-1,-1
498,2910,10145,17390,-1,-1,-1,-1,-1
499,1732,-1,-1,-1,-1,-1,-1,-1
500,1857,-1,-1,-1,-1,-1,-1,-1
501,7174,-1,-1,-1,-1,-1,-1,-1
502,353,2305,-1,-1,-1,-1,-1,-1
503,402,3780,-1,-1,-1,-1,-1,-1
504,4895,-1,-1,-1,-1,-1,-1,-1
505,180,3431,-1,-1,-1,-1,-1,-1
506,1417,-1,-1,-1,-1,-1,-1,-1
507,7745,-1,-1,-1,-1,-1,-1,-1
508,408,4373,-1,-1,-1,-1,-1,-1
509,4472,14598,-1,-1,-1,-1,-1,-1
510,1967,-1,-1,-1,-1,-1,-1,-1
511,3541,15344,-1,-1,-1,-1,-1,-1
512,445,1839,-1,-1,-1,-1,-1,-1
513,2409,-1,-1,-1,-1,-1,-1,-1
514,366,-1,-1,-1,-1,-1,-1,-1
515,1497,-1,-1,-1,-1,-1,-1,-1
516,524,-1,-1,-1,-1,-1,-1,-1
517,213,6484,14572,-1,-1,-1,-1,-1
518,2554,-1,-1,-1,-1,-1,-1,-1
519,3703,-1,-1,-1,-1,-1,-1,-1
520,234,2387,6952,-1,-1,-1,-1,-1
521,284,3354,-1,-1,-1,-1,-1,-1
522,508,5161,-1,-1,-1,-1,-1,-1
523,1381,-1,-1,-1,-1,-1,-1,-1
524,288,7940,16602,-1,-1,-1,-1,-1
525,1345,-1,-1,-1,-1,-1,-1,-1
526,9019,-1,-1,-1,-1,-1,-1,-1
527,198,-1,-1,-1,-1,-1,-1,-1
528,1217,-1,-1,-1,-1,-1,-1,-1
529,4648,-1,-1,-1,-1,-1,-1,-1
530,19110,-1,-1,-1,-1,-1,-1,-1
531,7756,-1,-1,-1,-1,-1,-1,-1
532,410,-1,-1,-1,-1,-1,-1,-1
533,3262,-1,-1,-1,-1,-1,-1,-1
534,560,-1,-1,-1,-1,-1,-1,-1
535,20772,-1,-1,-1,-1,-1,-1,-1
536,381,-1,-1,-1,-1,-1,-1,-1
537,12002,-1,-1,-1,-1,-1,-1,-1
538,1013,7918,-1,-1,-1,-1,-1,-1
539,344,-1,-1,-1,-1,-1,-1,-1
540,6463,16455,-1,-1,-1,-1,-1,-1
541,6927,-1,-1,-1,-1,-1,-1,-1
542,6116,-1,-1,-1,-1,-1,-1,-1
543,1264,-1,-1,-1,-1,-1,-1,-1
544,2506,6106,-1,-1,-1,-1,-1,-1
545,173,-1,-1,-1,-1,-1,-1,-1
546,14074,-1,-1,-1,-1,-1,-1,-1
547,8736,12892,-1,-1,-1,-1,-1,-1
548,2797,3700,-1,-1,-1,-1,-1,-1
549,7608,-1,-1,-1,-1,-1,-1,-1
550,2958,-1,-1,-1,-1,-1,-1,-1
551,1510,-1,-1,-1,-1,-1,-1,-1
552,9830,-1,-1,-1,-1,-1,-1,-1
553,135,3988,-1,-1,-1,-1,-1,-1
554,19852,-1,-1,-1,-1,-1,-1,-1
555,284,-1,-1,-1,-1,-1,-1,-1
556,1791,-1,-1,-1,-1,-1,-1,-1
557,3098,11220,-1,-1,-1,-1,-1,-1
558,1124,-1,-1,-1,-1,-1,-1,-1
559,6595,-1,-1,-1,-1,-1,-1,-1
560,234,-1,-1,-1,-1,-1,-1,-1
561,2280,-1,-1,-1,-1,-1,-1,-1
562,1412,-1,-1,-1,-1,-1,-1,-1
563,6426,-1,-1,-1,-1,-1,-1,-1
564,128,-1,-1,-1,-1,-1,-1,-1
565,1062,-1,-1,-1,-1,-1,-1,-1
566,2589,-1,-1,-1,-1,-1,-1,-1
567,114,-1,-1,-1,-1,-1,-1,-1
568,-1,5067,-1,-1,-1,-1,-1,-1
569,-1,532,-1,-1,-1,-1,-1,-1
570,-1,2524,-1,-1,-1,-1,-1,-1
571,-1,2340,-1,-1,-1,-1,-1,-1
572,-1,1790,-1,-1,-1,-1,-1,-1
573,-1,1467,-1,-1,-1,-1,-1,-1
574,-1,4984,-1,-1,-1,-1,-1,-1
575,-1,2904,-1,-1,-1,-1,-1,-1
576,-1,1220,-1,-1,-1,-1,-1,-1
577,-1,2677,-1,-1,-1,-1,-1,-1
578,-1,1450,-1,-1,-1,-1,-1,-1
579,-1,1390,-1,-1,-1,-1,-1,-1
580,-1,3720,-1,-1,-1,-1,-1,-1
581,-1,4093,-1,-1,-1,-1,-1,-1
582,-1,289,5436,-1,-1,-1,-1,-1
583,-1,3157,-1,-1,-1,-1,-1,-1
584,-1,620,-1,-1,-1,-1,-1,-1
585,-1,1676,5436,-1,-1,-1,-1,-1
586,-1,1017,5688,-1,-1,-1,-1,-1
587,-1,4170,-1,-1,-1,-1,-1,-1
588,-1,1837,6247,-1,-1,-1,-1,-1
589,-1,1572,6869,-1,-1,-1,-1,-1
590,-1,3927,-1,-1,-1,-1,-1,-1
591,-1,4475,-1,-1,-1,-1,-1,-1
592,-1,2778,7282,-1,-1,-1,-1,-1
593,-1,3145,-1,-1,-1,-1,-1,-1
594,-1,156,-1,-1,-1,-1,-1,-1
595,-1,1641,-1,-1,-1,-1,-1,-1
596,-1,1795,-1,-1,-1,-1,-1,-1
597,-1,3091,-1,-1,-1,-1,-1,-1
598,-1,831,-1,-1,-1,-1,-1,-1
599,-1,1264,-1,-1,-1,-1,-1,-1
600,-1,909,-1,-1,-1,-1,-1,-1
601,-1,1717,-1,-1,-1,-1,-1,-1
602,-1,156,-1,-1,-1,-1,-1,-1
603,-1,220,-1,-1,-1,-1,-1,-1
604,-1,1850,-1,-1,-1,-1,-1,-1
605,-1,4519,-1,-1,-1,-1,-1,-1
606,-1,1718,-1,-1,-1,-1,-1,-1
607,-1,3870,-1,-1,-1,-1,-1,-1
608,-1,2396,6796,-1,-1,-1,-1,-1
609,-1,2881,-1,-1,-1,-1,-1,-1
610,-1,5454,-1,-1,-1,-1,-1,-1
611,-1,2378,8437,-1,-1,-1,-1,-1
612,-1,2809,-1,-1,-1,-1,-1,-1
613,-1,307,-1,-1,-1,-1,-1,-1
614,-1,2884,-1,-1,-1,-1,-1,-1
615,-1,3481,10502,-1,-1,-1,-1,-1
616,-1,3308,-1,-1,-1,-1,-1,-1
617,-1,176,-1,-1,-1,-1,-1,-1
618,-1,5936,-1,-1,-1,-1,-1,-1
619,-1,1270,5652,9242,-1,-1,-1,-1
620,-1,2084,-1,-1,-1,-1,-1,-1
621,-1,2457,9158,-1,-1,-1,-1,-1
622,-1,3712,-1,-1,-1,-1,-1,-1
623,-1,1926,7604,-1,-1,-1,-1,-1
624,-1,3236,-1,-1,-1,-1,-1,-1
625,-1,1724,-1,-1,-1,-1,-1,-1
626,-1,2198,-1,-1,-1,-1,-1,-1
627,-1,3457,-1,-1,-1,-1,-1,-1
628,-1,685,7609,-1,-1,-1,-1,-1
629,-1,568,3200,-1,-1,-1,-1,-1
630,-1,1228,6218,12510,-1,-1,-1,-1
631,-1,5724,-1,-1,-1,-1,-1,-1
632,-1,1400,6156,-1,-1,-1,-1,-1
633,-1,4557,-1,-1,-1,-1,-1,-1
634,-1,4174,-1,-1,-1,-1,-1,-1
635,-1,948,-1,-1,-1,-1,-1,-1
636,-1,2145,7609,-1,-1,-1,-1,-1
637,-1,3701,-1,-1,-1,-1,-1,-1
638,-1,1148,588,-1,-1,-1,-1,-1
639,-1,325,3200,-1,-1,-1,-1,-1
640,-1,2725,-1,-1,-1,-1,-1,-1
641,-1,2193,-1,-1,-1,-1,-1,-1
642,-1,1802,-1,-1,-1,-1,-1,-1
643,-1,3339,12032,-1,-1,-1,-1,-1
644,-1,3545,-1,-1,-1,-1,-1,-1
645,-1,2888,-1,-1,-1,-1,-1,-1
646,-1,2969,-1,-1,-1,-1,-1,-1
647,-1,3659,15198,-1,-1,-1,-1,-1
648,-1,2995,-1,-1,-1,-1,-1,-1
649,-1,1592,5314,4039,-1,-1,-1,-1
650,-1,2769,-1,-1,-1,-1,-1,-1
651,-1,2869,-1,-1,-1,-1,-1,-1
652,-1,1799,-1,-1,-1,-1,-1,-1
653,-1,2081,-1,-1,-1,-1,-1,-1
654,-1,2427,-1,-1,-1,-1,-1,-1
655,-1,305,-1,-1,-1,-1,-1,-1
656,-1,4281,-1,-1,-1,-1,-1,-1
657,-1,1405,-1,-1,-1,-1,-1,-1
658,-1,2191,-1,-1,-1,-1,-1,-1
659,-1,942,-1,-1,-1,-1,-1,-1
660,-1,1660,-1,-1,-1,-1,-1,-1
661,-1,703,-1,-1,-1,-1,-1,-1
662,-1,3969,-1,-1,-1,-1,-1,-1
663,-1,1144,4396,-1,-1,-1,-1,-1
664,-1,5064,-1,-1,-1,-1,-1,-1
665,-1,1826,-1,-1,-1,-1,-1,-1
666,-1,1065,3312,6019,7960,-1,-1,-1
667,-1,1401,-1,-1,-1,-1,-1,-1
668,-1,4227,-1,-1,-1,-1,-1,-1
669,-1,2026,-1,-1,-1,-1,-1,-1
670,-1,2057,-1,-1,-1,-1,-1,-1
671,-1,1768,-1,-1,-1,-1,-1,-1
672,-1,3067,-1,-1,-1,-1,-1,-1
673,-1,2607,-1,-1,-1,-1,-1,-1
674,-1,3990,-1,-1,-1,-1,-1,-1
675,-1,2634,-1,-1,-1,-1,-1,-1
676,-1,3680,-1,-1,-1,-1,-1,-1
677,-1,2320,8626,13748,-1,-1,-1,-1
678,-1,4639,14202,-1,-1,-1,-1,-1
679,-1,904,-1,-1,-1,-1,-1,-1
680,-1,1917,6603,-1,-1,-1,-1,-1
681,-1,4780,14883,-1,-1,-1,-1,-1
682,-1,1960,7973,-1,-1,-1,-1,-1
683,-1,2573,-1,-1,-1,-1,-1,-1
684,-1,1364,6741,14045,-1,-1,-1,-1
685,-1,1860,-1,-1,-1,-1,-1,-1
686,-1,786,5320,11812,-1,-1,-1,-1
687,-1,1364,4745,-1,-1,-1,-1,-1
688,-1,4027,13415,-1,-1,-1,-1,-1
689,-1,2696,-1,-1,-1,-1,-1,-1
690,-1,2601,-1,-1,-1,-1,-1,-1
691,-1,2506,-1,-1,-1,-1,-1,-1
692,-1,4042,-1,-1,-1,-1,-1,-1
693,-1,2314,7887,-1,-1,-1,-1,-1
694,-1,505,-1,-1,-1,-1,-1,-1
695,-1,2728,9050,16905,27981,-1,-1,-1
696,-1,908,-1,-1,-1,-1,-1,-1
697,-1,2715,7601,-1,-1,-1,-1,-1
698,-1,6830,16192,-1,-1,-1,-1,-1
699,-1,4578,-1,-1,-1,-1,-1,-1
700,-1,3506,-1,-1,-1,-1,-1,-1
701,-1,3919,-1,-1,-1,-1,-1,-1
702,-1,2151,6569,-1,-1,-1,-1,-1
703,-1,2552,7730,-1,-1,-1,-1,-1
704,-1,1932,-1,-1,-1,-1,-1,-1
705,-1,745,5592,-1,-1,-1,-1,-1
706,-1,2870,10510,-1,-1,-1,-1,-1
707,-1,3324,8353,-1,-1,-1,-1,-1
708,-1,1761,5592,-1,-1,-1,-1,-1
709,-1,3092,-1,-1,-1,-1,-1,-1
710,-1,3229,-1,-1,-1,-1,-1,-1
711,-1,3156,-1,-1,-1,-1,-1,-1
712,-1,2627,-1,-1,-1,-1,-1,-1
713,-1,2099,-1,-1,-1,-1,-1,-1
714,-1,1461,-1,-1,-1,-1,-1,-1
715,-1,2235,-1,-1,-1,-1,-1,-1
716,-1,1199,3436,4579,-1,-1,-1,-1
717,-1,2932,9584,17476,29992,-1,-1,-1
718,-1,917,-1,-1,-1,-1,-1,-1
719,-1,2997,9771,18813,-1,-1,-1,-1
720,-1,8507,-1,-1,-1,-1,-1,-1
721,-1,2103,-1,-1,-1,-1,-1,-1
722,-1,2556,-1,-1,-1,-1,-1,-1
723,-1,4307,11541,18772,-1,-1,-1,-1
724,-1,2289,6136,9202,-1,-1,-1,-1
725,-1,2919,8247,14203,-1,-1,-1,-1
726,-1,1424,-1,-1,-1,-1,-1,-1
727,-1,2869,9392,11782,-1,-1,-1,-1
728,-1,1245,-1,-1,-1,-1,-1,-1
729,-1,1909,5177,9070,-1,-1,-1,-1
730,-1,569,-1,-1,-1,-1,-1,-1
731,-1,2976,9526,17148,-1,-1,-1,-1
732,-1,3046,11152,21634,-1,-1,-1,-1
733,-1,3311,-1,-1,-1,-1,-1,-1
734,-1,1469,4466,-1,-1,-1,-1,-1
735,-1,1764,-1,-1,-1,-1,-1,-1
736,-1,2096,-1,-1,-1,-1,-1,-1
737,-1,2294,-1,-1,-1,-1,-1,-1
738,-1,2717,7960,-1,-1,-1,-1,-1
739,-1,3208,9763,-1,-1,-1,-1,-1
740,-1,1648,-1,-1,-1,-1,-1,-1
741,-1,1829,6204,11608,21218,36412,43791,48042
742,-1,2904,-1,-1,-1,-1,-1,-1
743,-1,2610,-1,-1,-1,-1,-1,-1
744,-1,2766,-1,-1,-1,-1,-1,-1
745,-1,907,-1,-1,-1,-1,-1,-1
746,-1,2094,7092,13026,-1,-1,-1,-1
747,-1,3510,-1,-1,-1,-1,-1,-1
748,-1,3112,-1,-1,-1,-1,-1,-1
749,-1,2349,8538,-1,-1,-1,-1,-1
750,-1,3819,-1,-1,-1,-1,-1,-1
751,-1,2768,-1,-1,-1,-1,-1,-1
752,-1,1423,-1,-1,-1,-1,-1,-1
753,-1,1918,-1,-1,-1,-1,-1,-1
754,-1,858,-1,-1,-1,-1,-1,-1
755,-1,1257,-1,-1,-1,-1,-1,-1
756,-1,852,3288,-1,-1,-1,-1,-1
757,-1,1478,-1,-1,-1,-1,-1,-1
758,-1,2191,-1,-1,-1,-1,-1,-1
759,-1,2341,-1,-1,-1,-1,-1,-1
760,-1,905,2350,4568,-1,-1,-1,-1
761,-1,901,3366,-1,-1,-1,-1,-1
762,-1,1552,-1,-1,-1,-1,-1,-1
763,-1,3835,-1,-1,-1,-1,-1,-1
764,-1,4677,-1,-1,-1,-1,-1,-1
765,-1,1659,5117,-1,-1,-1,-1,-1
766,-1,2408,6684,12294,17951,23855,27349,-1
767,-1,3262,9854,18172,-1,-1,-1,-1
768,-1,2648,9890,-1,-1,-1,-1,-1
769,-1,3535,11771,20801,-1,-1,-1,-1
770,-1,1624,5161,8918,13239,-1,-1,-1
771,-1,2725,-1,-1,-1,-1,-1,-1
772,-1,1929,-1,-1,-1,-1,-1,-1
773,-1,1993,-1,-1,-1,-1,-1,-1
774,-1,2131,5264,-1,-1,-1,-1,-1
775,-1,1577,-1,-1,-1,-1,-1,-1
776,-1,3920,12546,22996,36714,-1,-1,-1
777,-1,2559,-1,-1,-1,-1,-1,-1
778,-1,1137,-1,-1,-1,-1,-1,-1
779,-1,1996,-1,-1,-1,-1,-1,-1
780,-1,1686,-1,-1,-1,-1,-1,-1
781,-1,1711,-1,-1,-1,-1,-1,-1
782,-1,1783,5128,10681,15858,18767,23705,25317
783,-1,2283,9290,17722,28211,-1,-1,-1
784,-1,939,-1,-1,-1,-1,-1,-1
785,-1,1365,5689,12562,22432,-1,-1,-1
786,-1,1901,5531,-1,-1,-1,-1,-1
787,-1,3192,-1,-1,-1,-1,-1,-1
788,-1,4693,10834,-1,-1,-1,-1,-1
789,-1,3401,10157,17545,29450,-1,-1,-1
790,-1,2563,-1,-1,-1,-1,-1,-1
791,-1,1749,4226,7608,11780,-1,-1,-1
792,-1,2547,7614,14905,-1,-1,-1,-1
793,-1,214,-1,-1,-1,-1,-1,-1
794,-1,1060,2703,-1,-1,-1,-1,-1
795,-1,2208,-1,-1,-1,-1,-1,-1
796,-1,3066,-1,-1,-1,-1,-1,-1
797,-1,2265,-1,-1,-1,-1,-1,-1
798,-1,1885,-1,-1,-1,-1,-1,-1
799,-1,5421,14998,-1,-1,-1,-1,-1
800,-1,2575,7633,15286,26747,-1,-1,-1
801,-1,2960,-1,-1,-1,-1,-1,-1
802,-1,2431,10026,18772,35365,-1,-1,-1
803,-1,3146,9163,-1,-1,-1,-1,-1
804,-1,259,-1,-1,-1,-1,-1,-1
805,-1,2308,-1,-1,-1,-1,-1,-1
806,-1,1845,6761,14402,24586,-1,-1,-1
807,-1,3683,-1,-1,-1,-1,-1,-1
808,-1,3929,-1,-1,-1,-1,-1,-1
809,-1,1703,-1,-1,-1,-1,-1,-1
810,-1,1586,6125,11271,-1,-1,-1,-1
811,-1,4373,7760,-1,-1,-1,-1,-1
812,-1,633,-1,-1,-1,-1,-1,-1
813,-1,4371,-1,-1,-1,-1,-1,-1
814,-1,2263,7738,12651,-1,-1,-1,-1
815,-1,6193,-1,-1,-1,-1,-1,-1
816,-1,1359,4095,7194,12459,-1,-1,-1
817,-1,2863,9511,-1,-1,-1,-1,-1
818,-1,2700,-1,-1,-1,-1,-1,-1
819,-1,2093,-1,-1,-1,-1,-1,-1
820,-1,2801,8766,18718,25231,-1,-1,-1
821,-1,3093,-1,-1,-1,-1,-1,-1
822,-1,1663,-1,-1,-1,-1,-1,-1
823,-1,2796,-1,-1,-1,-1,-1,-1
824,-1,2470,-1,-1,-1,-1,-1,-1
825,-1,4585,-1,-1,-1,-1,-1,-1
826,-1,2126,-1,-1,-1,-1,-1,-1
827,-1,1869,8386,-1,-1,-1,-1,-1
828,-1,1468,6069,10957,-1,-1,-1,-1
829,-1,1841,9647,20351,36162,-1,-1,-1
830,-1,2869,-1,-1,-1,-1,-1,-1
831,-1,2193,-1,-1,-1,-1,-1,-1
832,-1,3967,-1,-1,-1,-1,-1,-1
833,-1,3278,-1,-1,-1,-1,-1,-1
834,-1,2295,6506,-1,-1,-1,-1,-1
835,-1,4806,-1,-1,-1,-1,-1,-1
836,-1,1182,3510,5083,-1,-1,-1,-1
837,-1,3430,-1,-1,-1,-1,-1,-1
838,-1,2683,-1,-1,-1,-1,-1,-1
839,-1,2135,6145,10436,-1,-1,-1,-1
840,-1,3308,12343,-1,-1,-1,-1,-1
841,-1,4578,-1,-1,-1,-1,-1,-1
842,-1,3434,9799,-1,-1,-1,-1,-1
843,-1,2514,-1,-1,-1,-1,-1,-1
844,-1,5039,-1,-1,-1,-1,-1,-1
845,-1,1144,4888,4459,-1,-1,-1,-1
846,-1,3215,8624,-1,-1,-1,-1,-1
847,-1,3392,11565,-1,-1,-1,-1,-1
848,-1,5460,-1,-1,-1,-1,-1,-1
849,-1,1880,-1,-1,-1,-1,-1,-1
850,-1,2857,-1,-1,-1,-1,-1,-1
851,-1,4077,-1,-1,-1,-1,-1,-1
852,-1,471,3119,10099,-1,-1,-1,-1
853,-1,4702,16497,27594,-1,-1,-1,-1
854,-1,1815,4931,-1,-1,-1,-1,-1
855,-1,292,-1,-1,-1,-1,-1,-1
856,-1,102,-1,-1,-1,-1,-1,-1
857,-1,192,-1,-1,-1,-1,-1,-1
858,-1,671,-1,-1,-1,-1,-1,-1
859,-1,1511,6782,-1,-1,-1,-1,-1
860,-1,892,-1,-1,-1,-1,-1,-1
861,-1,4613,-1,-1,-1,-1,-1,-1
862,-1,1518,-1,-1,-1,-1,-1,-1
863,-1,6663,16180,-1,-1,-1,-1,-1
864,-1,3948,-1,-1,-1,-1,-1,-1
865,-1,3350,12828,24201,-1,-1,-1,-1
866,-1,2162,-1,-1,-1,-1,-1,-1
867,-1,3529,12082,20242,33331,-1,-1,-1
868,-1,3158,10561,17356,-1,-1,-1,-1
869,-1,4613,15050,-1,-1,-1,-1,-1
870,-1,1330,4400,8385,13889,-1,-1,-1
871,-1,4386,-1,-1,-1,-1,-1,-1
872,-1,1722,5686,-1,-1,-1,-1,-1
873,-1,1910,6281,-1,-1,-1,-1,-1
874,-1,2051,7143,13545,-1,-1,-1,-1
875,-1,167,-1,-1,-1,-1,-1,-1
876,-1,1908,6299,-1,-1,-1,-1,-1
877,-1,3981,-1,-1,-1,-1,-1,-1
878,-1,3284,-1,-1,-1,-1,-1,-1
879,-1,3283,-1,-1,-1,-1,-1,-1
880,-1,1331,10815,-1,-1,-1,-1,-1
881,-1,3401,10815,-1,-1,-1,-1,-1
882,-1,2114,7597,-1,-1,-1,-1,-1
883,-1,3375,11353,21932,-1,-1,-1,-1
884,-1,376,2373,2246,-1,-1,-1,-1
885,-1,1412,5315,-1,-1,-1,-1,-1
886,-1,1569,-1,-1,-1,-1,-1,-1
887,-1,1237,-1,-1,-1,-1,-1,-1
888,-1,3723,-1,-1,-1,-1,-1,-1
889,-1,2665,6810,11723,-1,-1,-1,-1
890,-1,3321,11022,21170,-1,-1,-1,-1
891,-1,1363,-1,-1,-1,-1,-1,-1
892,-1,4246,-1,-1,-1,-1,-1,-1
893,-1,1500,7255,13838,-1,-1,-1,-1
894,-1,2328,-1,-1,-1,-1,-1,-1
895,-1,1846,7908,-1,-1,-1,-1,-1
896,-1,2449,7649,12634,-1,-1,-1,-1
897,-1,2496,-1,-1,-1,-1,-1,-1
898,-1,2446,-1,-1,-1,-1,-1,-1
899,-1,4350,11101,21555,35730,-1,-1,-1
900,-1,2403,-1,-1,-1,-1,-1,-1
901,-1,2288,8447,-1,-1,-1,-1,-1
902,-1,2002,8645,-1,-1,-1,-1,-1
903,-1,2277,8674,15123,-1,-1,-1,-1
904,-1,4530,-1,-1,-1,-1,-1,-1
905,-1,5416,-1,-1,-1,-1,-1,-1
906,-1,2253,-1,-1,-1,-1,-1,-1
907,-1,1498,-1,-1,-1,-1,-1,-1
908,-1,2243,6241,11997,-1,-1,-1,-1
909,-1,1676,-1,-1,-1,-1,-1,-1
910,-1,1983,5842,-1,-1,-1,-1,-1
911,-1,6597,-1,-1,-1,-1,-1,-1
912,-1,5642,15471,23287,-1,-1,-1,-1
913,-1,3839,8123,-1,-1,-1,-1,-1
914,-1,2407,9302,-1,-1,-1,-1,-1
915,-1,187,-1,-1,-1,-1,-1,-1
916,-1,499,-1,-1,-1,-1,-1,-1
917,-1,164,2629,-1,-1,-1,-1,-1
918,-1,979,-1,-1,-1,-1,-1,-1
919,-1,2987,7680,13016,-1,-1,-1,-1
920,-1,3950,11110,-1,-1,-1,-1,-1
921,-1,8338,16913,24996,-1,-1,-1,-1
922,-1,2221,5198,-1,-1,-1,-1,-1
923,-1,2385,7349,-1,-1,-1,-1,-1
924,-1,3244,7923,-1,-1,-1,-1,-1
925,-1,550,3443,-1,-1,-1,-1,-1
926,-1,1876,10183,-1,-1,-1,-1,-1
927,-1,2929,-1,-1,-1,-1,-1,-1
928,-1,2583,-1,-1,-1,-1,-1,-1
929,-1,2651,-1,-1,-1,-1,-1,-1
930,-1,1072,6683,8138,-1,-1,-1,-1
931,-1,373,2028,-1,-1,-1,-1,-1
932,-1,1169,3806,-1,-1,-1,-1,-1
933,-1,1154,3258,-1,-1,-1,-1,-1
934,-1,2246,7479,-1,-1,-1,-1,-1
935,-1,2734,10075,-1,-1,-1,-1,-1
936,-1,1418,-1,-1,-1,-1,-1,-1
937,-1,1029,4053,7572,-1,-1,-1,-1
938,-1,1279,3690,6091,-1,-1,-1,-1
939,-1,2711,-1,-1,-1,-1,-1,-1
940,-1,2602,9244,17844,-1,-1,-1,-1
941,-1,319,-1,-1,-1,-1,-1,-1
942,-1,2392,-1,-1,-1,-1,-1,-1
943,-1,837,5196,-1,-1,-1,-1,-1
944,-1,3946,-1,-1,-1,-1,-1,-1
945,-1,5948,-1,-1,-1,-1,-1,-1
946,-1,2531,8910,19705,-1,-1,-1,-1
947,-1,1176,4186,8488,12292,19608,22950,-1
948,-1,4247,-1,-1,-1,-1,-1,-1
949,-1,2264,6201,12411,-1,-1,-1,-1
950,-1,2092,5873,11854,-1,-1,-1,-1
951,-1,536,-1,-1,-1,-1,-1,-1
952,-1,4861,-1,-1,-1,-1,-1,-1
953,-1,3639,-1,-1,-1,-1,-1,-1
954,-1,2016,-1,-1,-1,-1,-1,-1
955,-1,2892,9277,-1,-1,-1,-1,-1
956,-1,2093,5686,10550,-1,-1,-1,-1
957,-1,3611,-1,-1,-1,-1,-1,-1
958,-1,1845,6750,-1,-1,-1,-1,-1
959,-1,3001,-1,-1,-1,-1,-1,-1
960,-1,2789,-1,-1,-1,-1,-1,-1
961,-1,508,-1,-1,-1,-1,-1,-1
962,-1,2254,-1,-1,-1,-1,-1,-1
963,-1,2514,8016,-1,-1,-1,-1,-1
964,-1,1991,5770,-1,-1,-1,-1,-1
965,-1,1440,-1,-1,-1,-1,-1,-1
966,-1,2209,7154,-1,-1,-1,-1,-1
967,-1,1938,-1,-1,-1,-1,-1,-1
968,-1,5315,-1,-1,-1,-1,-1,-1
969,-1,3455,9923,-1,-1,-1,-1,-1
970,-1,2758,8039,15271,25445,-1,-1,-1
971,-1,5740,17514,31546,-1,-1,-1,-1
972,-1,6021,-1,-1,-1,-1,-1,-1
973,-1,4839,15121,-1,-1,-1,-1,-1
974,-1,2283,9636,-1,-1,-1,-1,-1
975,-1,4516,11602,-1,-1,-1,-1,-1
976,-1,2753,10794,-1,-1,-1,-1,-1
977,-1,4685,15832,28058,44542,-1,-1,-1
978,-1,2368,-1,-1,-1,-1,-1,-1
979,-1,484,1342,-1,-1,-1,-1,-1
980,-1,4681,-1,-1,-1,-1,-1,-1
981,-1,3094,8451,-1,-1,-1,-1,-1
982,-1,1896,5443,10657,-1,-1,-1,-1
983,-1,3345,9983,-1,-1,-1,-1,-1
984,-1,524,-1,-1,-1,-1,-1,-1
985,-1,341,-1,-1,-1,-1,-1,-1
986,-1,2364,-1,-1,-1,-1,-1,-1
987,-1,1481,3719,2030,-1,-1,-1,-1
988,-1,1786,-1,-1,-1,-1,-1,-1
989,-1,1171,-1,-1,-1,-1,-1,-1
990,-1,2169,6703,11505,-1,-1,-1,-1
991,-1,1822,4842,-1,-1,-1,-1,-1
992,-1,447,-1,-1,-1,-1,-1,-1
993,-1,1875,8224,15474,27291,-1,-1,-1
994,-1,1853,8111,-1,-1,-1,-1,-1
995,-1,2958,-1,-1,-1,-1,-1,-1
996,-1,2701,-1,-1,-1,-1,-1,-1
997,-1,2842,-1,-1,-1,-1,-1,-1
998,-1,26190,-1,-1,-1,-1,-1,-1
999,-1,2507,5189,-1,-1,-1,-1,-1
1000,-1,1254,7649,16830,29877,46742,-1,-1
1001,-1,4430,12097,21150,-1,-1,-1,-1
1002,-1,1868,6823,-1,-1,-1,-1,-1
1003,-1,304,3084,5333,-1,-1,-1,-1
1004,-1,108,-1,-1,-1,-1,-1,-1
1005,-1,3160,10177,-1,-1,-1,-1,-1
1006,-1,181,-1,-1,-1,-1,-1,-1
1007,-1,1526,5644,-1,-1,-1,-1,-1
1008,-1,240,9803,-1,-1,-1,-1,-1
1009,-1,3643,-1,-1,-1,-1,-1,-1
1010,-1,1619,9803,-1,-1,-1,-1,-1
1011,-1,607,-1,-1,-1,-1,-1,-1
1012,-1,3468,10473,12853,-1,-1,-1,-1
1013,-1,4411,-1,-1,-1,-1,-1,-1
1014,-1,939,4554,-1,-1,-1,-1,-1
1015,-1,826,-1,-1,-1,-1,-1,-1
1016,-1,2727,-1,-1,-1,-1,-1,-1
1017,-1,616,1336,-1,-1,-1,-1,-1
1018,-1,2629,-1,-1,-1,-1,-1,-1
1019,-1,1791,-1,-1,-1,-1,-1,-1
1020,-1,381,-1,-1,-1,-1,-1,-1
1021,-1,298,-1,-1,-1,-1,-1,-1
1022,-1,936,-1,-1,-1,-1,-1,-1
1023,-1,1760,8020,15644,-1,-1,-1,-1
1024,-1,509,-1,-1,-1,-1,-1,-1
1025,-1,2068,8442,15848,-1,-1,-1,-1
1026,-1,1560,-1,-1,-1,-1,-1,-1
1027,-1,2154,-1,-1,-1,-1,-1,-1
1028,-1,2421,8841,16639,-1,-1,-1,-1
1029,-1,3898,10890,18795,-1,-1,-1,-1
1030,-1,478,-1,-1,-1,-1,-1,-1
1031,-1,4646,-1,-1,-1,-1,-1,-1
1032,-1,362,-1,-1,-1,-1,-1,-1
1033,-1,3618,14028,26825,-1,-1,-1,-1
1034,-1,314,5314,-1,-1,-1,-1,-1
1035,-1,1326,6042,9717,-1,-1,-1,-1
1036,-1,668,-1,-1,-1,-1,-1,-1
1037,-1,887,5314,-1,-1,-1,-1,-1
1038,-1,2680,-1,-1,-1,-1,-1,-1
1039,-1,2142,11233,23146,-1,-1,-1,-1
1040,-1,1293,6019,-1,-1,-1,-1,-1
1041,-1,1954,-1,-1,-1,-1,-1,-1
1042,-1,873,-1,-1,-1,-1,-1,-1
1043,-1,360,-1,-1,-1,-1,-1,-1
1044,-1,576,-1,-1,-1,-1,-1,-1
1045,-1,169,-1,-1,-1,-1,-1,-1
1046,-1,767,5598,13662,-1,-1,-1,-1
1047,-1,2848,12998,-1,-1,-1,-1,-1
1048,-1,647,3726,5838,-1,-1,-1,-1
1049,-1,117,5598,13662,-1,-1,-1,-1
1050,-1,642,10666,-1,-1,-1,-1,-1
1051,-1,756,4764,10258,-1,-1,-1,-1
1052,-1,1841,-1,-1,-1,-1,-1,-1
1053,-1,1220,-1,-1,-1,-1,-1,-1
1054,-1,2356,8635,-1,-1,-1,-1,-1
1055,-1,2826,10666,-1,-1,-1,-1,-1
1056,-1,287,-1,-1,-1,-1,-1,-1
1057,-1,379,-1,-1,-1,-1,-1,-1
1058,-1,1742,8359,-1,-1,-1,-1,-1
1059,-1,2400,-1,-1,-1,-1,-1,-1
1060,-1,539,3038,5510,10429,-1,-1,-1
1061,-1,2657,-1,-1,-1,-1,-1,-1
1062,-1,3967,11736,21365,-1,-1,-1,-1
1063,-1,235,-1,-1,-1,-1,-1,-1
1064,-1,960,6264,-1,-1,-1,-1,-1
1065,-1,585,-1,-1,-1,-1,-1,-1
1066,-1,861,16459,-1,-1,-1,-1,-1
1067,-1,133,2527,-1,-1,-1,-1,-1
1068,-1,659,-1,-1,-1,-1,-1,-1
1069,-1,406,2994,-1,-1,-1,-1,-1
1070,-1,341,-1,-1,-1,-1,-1,-1
1071,-1,412,-1,-1,-1,-1,-1,-1
1072,-1,1404,10628,-1,-1,-1,-1,-1
1073,-1,1548,-1,-1,-1,-1,-1,-1
1074,-1,508,-1,-1,-1,-1,-1,-1
1075,-1,4852,16459,-1,-1,-1,-1,-1
1076,-1,1540,-1,-1,-1,-1,-1,-1
1077,-1,474,2483,-1,-1,-1,-1,-1
1078,-1,1129,-1,-1,-1,-1,-1,-1
1079,-1,189,-1,-1,-1,-1,-1,-1
1080,-1,2741,10628,-1,-1,-1,-1,-1
1081,-1,1366,-1,-1,-1,-1,-1,-1
1082,-1,3103,-1,-1,-1,-1,-1,-1
1083,-1,3574,-1,-1,-1,-1,-1,-1
1084,-1,282,1786,-1,-1,-1,-1,-1
1085,-1,230,3221,-1,-1,-1,-1,-1
1086,-1,1888,-1,-1,-1,-1,-1,-1
1087,-1,317,-1,-1,-1,-1,-1,-1
1088,-1,796,1786,-1,-1,-1,-1,-1
1089,-1,644,5293,-1,-1,-1,-1,-1
1090,-1,245,1773,-1,-1,-1,-1,-1
1091,-1,814,4306,-1,-1,-1,-1,-1
1092,-1,5916,-1,-1,-1,-1,-1,-1
1093,-1,7039,-1,-1,-1,-1,-1,-1
1094,-1,205,-1,-1,-1,-1,-1,-1
1095,-1,2900,-1,-1,-1,-1,-1,-1
1096,-1,2223,10255,20361,-1,-1,-1,-1
1097,-1,1120,-1,-1,-1,-1,-1,-1
1098,-1,2494,-1,-1,-1,-1,-1,-1
1099,-1,2729,-1,-1,-1,-1,-1,-1
1100,-1,2457,-1,-1,-1,-1,-1,-1
1101,-1,4227,-1,-1,-1,-1,-1,-1
1102,-1,2469,-1,-1,-1,-1,-1,-1
1103,-1,2141,-1,-1,-1,-1,-1,-1
1104,-1,2883,-1,-1,-1,-1,-1,-1
1105,-1,3160,9983,19051,-1,-1,-1,-1
1106,-1,368,-1,-1,-1,-1,-1,-1
1107,-1,4977,-1,-1,-1,-1,-1,-1
1108,-1,3776,10203,-1,-1,-1,-1,-1
1109,-1,2435,8050,-1,-1,-1,-1,-1
1110,-1,2162,-1,-1,-1,-1,-1,-1
1111,-1,10646,-1,-1,-1,-1,-1,-1
1112,-1,1594,3163,-1,-1,-1,-1,-1
1113,-1,4244,-1,-1,-1,-1,-1,-1
1114,-1,5650,-1,-1,-1,-1,-1,-1
1115,-1,1377,-1,-1,-1,-1,-1,-1
1116,-1,2223,7506,-1,-1,-1,-1,-1
1117,-1,1424,-1,-1,-1,-1,-1,-1
1118,-1,5071,-1,-1,-1,-1,-1,-1
1119,-1,3739,-1,-1,-1,-1,-1,-1
1120,-1,1567,-1,-1,-1,-1,-1,-1
1121,-1,3304,-1,-1,-1,-1,-1,-1
1122,-1,3292,-1,-1,-1,-1,-1,-1
1123,-1,3920,-1,-1,-1,-1,-1,-1
1124,-1,1813,6584,12388,-1,-1,-1,-1
1125,-1,1229,5547,-1,-1,-1,-1,-1
1126,-1,2271,7693,14498,20423,-1,-1,-1
1127,-1,4880,13630,-1,-1,-1,-1,-1
1128,-1,1466,5679,-1,-1,-1,-1,-1
1129,-1,3910,12681,-1,-1,-1,-1,-1
1130,-1,5590,18741,28620,-1,-1,-1,-1
1131,-1,1191,-1,-1,-1,-1,-1,-1
1132,-1,3608,10298,-1,-1,-1,-1,-1
1133,-1,3088,-1,-1,-1,-1,-1,-1
1134,-1,2734,9336,17253,-1,-1,-1,-1
1135,-1,1014,5412,-1,-1,-1,-1,-1
1136,-1,3735,-1,-1,-1,-1,-1,-1
1137,-1,3762,-1,-1,-1,-1,-1,-1
1138,-1,2456,-1,-1,-1,-1,-1,-1
1139,-1,1270,5812,-1,-1,-1,-1,-1
1140,-1,2403,-1,-1,-1,-1,-1,-1
1141,-1,2796,8664,-1,-1,-1,-1,-1
1142,-1,2494,7384,-1,-1,-1,-1,-1
1143,-1,1737,-1,-1,-1,-1,-1,-1
1144,-1,1260,-1,-1,-1,-1,-1,-1
1145,-1,4531,-1,-1,-1,-1,-1,-1
1146,-1,1482,7807,-1,-1,-1,-1,-1
1147,-1,4504,-1,-1,-1,-1,-1,-1
1148,-1,2571,-1,-1,-1,-1,-1,-1
1149,-1,1890,-1,-1,-1,-1,-1,-1
1150,-1,913,-1,-1,-1,-1,-1,-1
1151,-1,2521,7124,-1,-1,-1,-1,-1
1152,-1,1300,-1,-1,-1,-1,-1,-1
1153,-1,3127,-1,-1,-1,-1,-1,-1
1154,-1,2370,-1,-1,-1,-1,-1,-1
1155,-1,1654,4383,-1,-1,-1,-1,-1
1156,-1,900,4401,8924,15222,-1,-1,-1
1157,-1,5499,-1,-1,-1,-1,-1,-1
1158,-1,3095,-1,-1,-1,-1,-1,-1
1159,-1,2493,-1,-1,-1,-1,-1,-1
1160,-1,3464,-1,-1,-1,-1,-1,-1
1161,-1,3009,7315,13735,-1,-1,-1,-1
1162,-1,1163,3992,-1,-1,-1,-1,-1
1163,-1,2993,-1,-1,-1,-1,-1,-1
1164,-1,2392,4874,-1,-1,-1,-1,-1
1165,-1,3790,9870,17530,-1,-1,-1,-1
1166,-1,4901,-1,-1,-1,-1,-1,-1
1167,-1,1064,-1,-1,-1,-1,-1,-1
1168,-1,3627,10536,-1,-1,-1,-1,-1
1169,-1,5098,10973,-1,-1,-1,-1,-1
1170,-1,1923,-1,-1,-1,-1,-1,-1
1171,-1,1480,5645,-1,-1,-1,-1,-1
1172,-1,4310,10864,-1,-1,-1,-1,-1
1173,-1,1234,-1,-1,-1,-1,-1,-1
1174,-1,1968,-1,-1,-1,-1,-1,-1
1175,-1,3593,10361,20733,36664,-1,-1,-1
1176,-1,996,-1,-1,-1,-1,-1,-1
1177,-1,2161,8290,-1,-1,-1,-1,-1
1178,-1,2672,-1,-1,-1,-1,-1,-1
1179,-1,3540,6984,-1,-1,-1,-1,-1
1180,-1,2836,-1,-1,-1,-1,-1,-1
1181,-1,1389,1609,3357,-1,-1,-1,-1
1182,-1,2661,8013,-1,-1,-1,-1,-1
1183,-1,932,3936,-1,-1,-1,-1,-1
1184,-1,674,-1,-1,-1,-1,-1,-1
1185,-1,3797,11206,-1,-1,-1,-1,-1
1186,-1,2884,-1,-1,-1,-1,-1,-1
1187,-1,2599,-1,-1,-1,-1,-1,-1
1188,-1,1531,3983,8232,-1,-1,-1,-1
1189,-1,2541,7972,-1,-1,-1,-1,-1
1190,-1,4694,-1,-1,-1,-1,-1,-1
1191,-1,2919,5409,11762,-1,-1,-1,-1
1192,-1,2323,9749,-1,-1,-1,-1,-1
1193,-1,3427,9749,-1,-1,-1,-1,-1
1194,-1,1399,6548,-1,-1,-1,-1,-1
1195,-1,2748,-1,-1,-1,-1,-1,-1
1196,-1,2415,6770,-1,-1,-1,-1,-1
1197,-1,4443,13853,-1,-1,-1,-1,-1
1198,-1,3584,6777,-1,-1,-1,-1,-1
1199,-1,4409,14641,-1,-1,-1,-1,-1
1200,-1,2419,-1,-1,-1,-1,-1,-1
1201,-1,12098,20903,-1,-1,-1,-1,-1
1202,-1,2815,-1,-1,-1,-1,-1,-1
1203,-1,1182,4366,-1,-1,-1,-1,-1
1204,-1,1644,-1,-1,-1,-1,-1,-1
1205,-1,1007,3408,-1,-1,-1,-1,-1
1206,-1,222,-1,-1,-1,-1,-1,-1
1207,-1,2512,-1,-1,-1,-1,-1,-1
1208,-1,1209,1742,4488,-1,-1,-1,-1
1209,-1,608,3010,-1,-1,-1,-1,-1
1210,-1,1851,6287,-1,-1,-1,-1,-1
1211,-1,1653,-1,-1,-1,-1,-1,-1
1212,-1,5039,-1,-1,-1,-1,-1,-1
1213,-1,2741,7902,-1,-1,-1,-1,-1
1214,-1,2264,4582,-1,-1,-1,-1,-1
1215,-1,3064,-1,-1,-1,-1,-1,-1
1216,-1,4647,16256,-1,-1,-1,-1,-1
1217,-1,2537,7021,-1,-1,-1,-1,-1
1218,-1,2526,5502,-1,-1,-1,-1,-1
1219,-1,1861,-1,-1,-1,-1,-1,-1
1220,-1,2186,-1,-1,-1,-1,-1,-1
1221,-1,3507,-1,-1,-1,-1,-1,-1
1222,-1,1683,-1,-1,-1,-1,-1,-1
1223,-1,1251,-1,-1,-1,-1,-1,-1
1224,-1,2343,-1,-1,-1,-1,-1,-1
1225,-1,570,2128,-1,-1,-1,-1,-1
1226,-1,3068,9083,-1,-1,-1,-1,-1
1227,-1,2203,7584,-1,-1,-1,-1,-1
1228,-1,1462,4016,-1,-1,-1,-1,-1
1229,-1,2844,7729,-1,-1,-1,-1,-1
1230,-1,1387,4677,-1,-1,-1,-1,-1
1231,-1,563,-1,-1,-1,-1,-1,-1
1232,-1,7381,15538,-1,-1,-1,-1,-1
1233,-1,2549,-1,-1,-1,-1,-1,-1
1234,-1,15952,31322,-1,-1,-1,-1,-1
1235,-1,10220,19468,-1,-1,-1,-1,-1
1236,-1,6234,-1,-1,-1,-1,-1,-1
1237,-1,738,-1,-1,-1,-1,-1,-1
1238,-1,377,-1,-1,-1,-1,-1,-1
1239,-1,2489,-1,-1,-1,-1,-1,-1
1240,-1,7423,13358,-1,-1,-1,-1,-1
1241,-1,2286,7907,-1,-1,-1,-1,-1
1242,-1,1260,-1,-1,-1,-1,-1,-1
1243,-1,9380,-1,-1,-1,-1,-1,-1
1244,-1,6013,16166,-1,-1,-1,-1,-1
1245,-1,1734,-1,-1,-1,-1,-1,-1
1246,-1,863,-1,-1,-1,-1,-1,-1
1247,-1,114,-1,-1,-1,-1,-1,-1
1248,-1,1279,3398,-1,-1,-1,-1,-1
1249,-1,1461,-1,-1,-1,-1,-1,-1
1250,-1,2378,-1,-1,-1,-1,-1,-1
1251,-1,7741,-1,-1,-1,-1,-1,-1
1252,-1,1946,-1,-1,-1,-1,-1,-1
1253,-1,3722,-1,-1,-1,-1,-1,-1
1254,-1,3532,-1,-1,-1,-1,-1,-1
1255,-1,2187,-1,-1,-1,-1,-1,-1
1256,-1,165,-1,-1,-1,-1,-1,-1
1257,-1,2197,11384,-1,-1,-1,-1,-1
1258,-1,252,808,-1,-1,-1,-1,-1
1259,-1,134,-1,-1,-1,-1,-1,-1
1260,-1,3283,-1,-1,-1,-1,-1,-1
1261,-1,1445,-1,-1,-1,-1,-1,-1
1262,-1,120,-1,-1,-1,-1,-1,-1
1263,-1,472,-1,-1,-1,-1,-1,-1
1264,-1,-1,1616,-1,-1,-1,-1,-1
1265,-1,-1,1692,-1,-1,-1,-1,-1
1266,-1,-1,49814,-1,-1,-1,-1,-1
1267,-1,-1,1412,-1,-1,-1,-1,-1
1268,-1,-1,2015,-1,-1,-1,-1,-1
1269,-1,-1,2706,-1,-1,-1,-1,-1
1270,-1,-1,17956,-1,-1,-1,-1,-1
1271,-1,-1,11304,18740,-1,-1,-1,-1
1272,-1,-1,319,-1,-1,-1,-1,-1
1273,-1,-1,204,3791,-1,-1,-1,-1
1274,-1,-1,20106,-1,-1,-1,-1,-1
1275,-1,-1,2354,-1,-1,-1,-1,-1
1276,-1,-1,126,10236,-1,-1,-1,-1
1277,-1,-1,2417,4767,-1,-1,-1,-1
1278,-1,-1,11794,-1,-1,-1,-1,-1
1279,-1,-1,347,-1,-1,-1,-1,-1
1280,-1,-1,120,-1,-1,-1,-1,-1
1281,-1,-1,5136,11995,22688,38120,-1,-1
1282,-1,-1,11589,23694,38016,-1,-1,-1
1283,-1,-1,181,-1,-1,-1,-1,-1
1284,-1,-1,9387,16947,-1,-1,-1,-1
1285,-1,-1,125,-1,-1,-1,-1,-1
1286,-1,-1,17373,-1,-1,-1,-1,-1
1287,-1,-1,266,3980,-1,-1,-1,-1
1288,-1,-1,11429,21286,33786,-1,-1,-1
1289,-1,-1,16538,-1,-1,-1,-1,-1
1290,-1,-1,4578,-1,-1,-1,-1,-1
1291,-1,-1,2648,-1,-1,-1,-1,-1
1292,-1,-1,5036,8722,-1,-1,-1,-1
1293,-1,-1,6589,-1,-1,-1,-1,-1
1294,-1,-1,5714,-1,-1,-1,-1,-1
1295,-1,-1,207,-1,-1,-1,-1,-1
1296,-1,-1,2076,-1,-1,-1,-1,-1
1297,-1,-1,1472,-1,-1,-1,-1,-1
1298,-1,-1,2429,3394,-1,-1,-1,-1
1299,-1,-1,877,-1,-1,-1,-1,-1
1300,-1,-1,2160,1798,-1,-1,-1,-1
1301,-1,-1,3701,5149,-1,-1,-1,-1
1302,-1,-1,6585,13580,-1,-1,-1,-1
1303,-1,-1,2707,1798,-1,-1,-1,-1
1304,-1,-1,5172,9851,-1,-1,-1,-1
1305,-1,-1,3475,9382,-1,-1,-1,-1
1306,-1,-1,351,-1,-1,-1,-1,-1
1307,-1,-1,10101,-1,-1,-1,-1,-1
1308,-1,-1,230,-1,-1,-1,-1,-1
1309,-1,-1,124,-1,-1,-1,-1,-1
1310,-1,-1,278,-1,-1,-1,-1,-1
1311,-1,-1,451,-1,-1,-1,-1,-1
1312,-1,-1,4867,-1,-1,-1,-1,-1
1313,-1,-1,3400,-1,-1,-1,-1,-1
1314,-1,-1,866,2152,-1,-1,-1,-1
1315,-1,-1,5040,-1,-1,-1,-1,-1
1316,-1,-1,6817,12383,-1,-1,-1,-1
1317,-1,-1,1879,-1,-1,-1,-1,-1
1318,-1,-1,2169,-1,-1,-1,-1,-1
1319,-1,-1,22069,-1,-1,-1,-1,-1
1320,-1,-1,429,-1,-1,-1,-1,-1
1321,-1,-1,401,-1,-1,-1,-1,-1
1322,-1,-1,9226,-1,-1,-1,-1,-1
1323,-1,-1,2937,5775,8119,-1,-1,-1
1324,-1,-1,921,2211,3874,-1,-1,-1
1325,-1,-1,10810,-1,-1,-1,-1,-1
1326,-1,-1,316,-1,-1,-1,-1,-1
1327,-1,-1,236,-1,-1,-1,-1,-1
1328,-1,-1,102,-1,-1,-1,-1,-1
1329,-1,-1,360,-1,-1,-1,-1,-1
1330,-1,-1,2601,5554,-1,-1,-1,-1
1331,-1,-1,139,4617,-1,-1,-1,-1
1332,-1,-1,3153,6864,-1,-1,-1,-1
1333,-1,-1,237,-1,-1,-1,-1,-1
1334,-1,-1,388,-1,-1,-1,-1,-1
1335,-1,-1,1992,-1,-1,-1,-1,-1
1336,-1,-1,11349,-1,-1,-1,-1,-1
1337,-1,-1,226,-1,-1,-1,-1,-1
1338,-1,-1,1678,4861,-1,-1,-1,-1
1339,-1,-1,158,-1,-1,-1,-1,-1
1340,-1,-1,152,-1,-1,-1,-1,-1
1341,-1,-1,345,-1,-1,-1,-1,-1
1342,-1,-1,2466,-1,-1,-1,-1,-1
1343,-1,-1,1769,-1,-1,-1,-1,-1
1344,-1,-1,3007,6551,-1,-1,-1,-1
1345,-1,-1,458,-1,-1,-1,-1,-1
1346,-1,-1,883,-1,-1,-1,-1,-1
1347,-1,-1,577,-1,-1,-1,-1,-1
1348,-1,-1,174,-1,-1,-1,-1,-1
1349,-1,-1,225,-1,-1,-1,-1,-1
1350,-1,-1,353,-1,-1,-1,-1,-1
1351,-1,-1,114,-1,-1,-1,-1,-1
1352,-1,-1,236,-1,-1,-1,-1,-1
1353,-1,-1,487,-1,-1,-1,-1,-1
1354,-1,-1,196,573,574,-1,-1,-1
1355,-1,-1,10259,-1,-1,-1,-1,-1
1356,-1,-1,404,-1,-1,-1,-1,-1
1357,-1,-1,620,-1,-1,-1,-1,-1
1358,-1,-1,144,-1,-1,-1,-1,-1
1359,-1,-1,4690,-1,-1,-1,-1,-1
1360,-1,-1,8178,-1,-1,-1,-1,-1
1361,-1,-1,7606,-1,-1,-1,-1,-1
1362,-1,-1,16083,-1,-1,-1,-1,-1
1363,-1,-1,4644,-1,-1,-1,-1,-1
1364,-1,-1,12443,-1,-1,-1,-1,-1
1365,-1,-1,21740,-1,-1,-1,-1,-1
1366,-1,-1,20226,-1,-1,-1,-1,-1
1367,-1,-1,574,-1,-1,-1,-1,-1
1368,-1,-1,6905,-1,-1,-1,-1,-1
1369,-1,-1,207,-1,-1,-1,-1,-1
1370,-1,-1,10495,-1,-1,-1,-1,-1
1371,-1,-1,1886,-1,-1,-1,-1,-1
1372,-1,-1,1848,-1,-1,-1,-1,-1
1373,-1,-1,-1,636,-1,-1,-1,-1
1374,-1,-1,-1,344,-1,-1,-1,-1
1375,-1,-1,-1,1069,-1,-1,-1,-1
1376,-1,-1,-1,2543,-1,-1,-1,-1
1377,-1,-1,-1,2903,8197,-1,-1,-1
1378,-1,-1,-1,1611,-1,-1,-1,-1
1379,-1,-1,-1,345,-1,-1,-1,-1
1380,-1,-1,-1,950,-1,-1,-1,-1
1381,-1,-1,-1,688,-1,-1,-1,-1
1382,-1,-1,-1,716,-1,-1,-1,-1
1383,-1,-1,-1,702,-1,-1,-1,-1
1384,-1,-1,-1,536,-1,-1,-1,-1
1385,-1,-1,-1,342,-1,-1,-1,-1
1386,-1,-1,-1,445,-1,-1,-1,-1
1387,-1,-1,-1,171,-1,-1,-1,-1
1388,-1,-1,-1,8176,-1,-1,-1,-1
1389,-1,-1,-1,7424,-1,-1,-1,-1
1390,-1,-1,-1,854,-1,-1,-1,-1
1391,-1,-1,-1,8610,-1,-1,-1,-1
1392,-1,-1,-1,580,5072,-1,-1,-1
1393,-1,-1,-1,18400,-1,-1,-1,-1
1394,-1,-1,-1,2671,-1,-1,-1,-1
1395,-1,-1,-1,2042,-1,-1,-1,-1
1396,-1,-1,-1,3202,8327,16916,-1,-1
1397,-1,-1,-1,1671,-1,-1,-1,-1
1398,-1,-1,-1,114,-1,-1,-1,-1
1399,-1,-1,-1,183,-1,-1,-1,-1
1400,-1,-1,-1,1488,-1,-1,-1,-1
1401,-1,-1,-1,4671,-1,-1,-1,-1
1402,-1,-1,-1,776,-1,-1,-1,-1
1403,-1,-1,-1,7120,-1,-1,-1,-1
1404,-1,-1,-1,1825,4421,-1,-1,-1
1405,-1,-1,-1,9966,14606,-1,-1,-1
1406,-1,-1,-1,643,-1,-1,-1,-1
1407,-1,-1,-1,947,-1,-1,-1,-1
1408,-1,-1,-1,1038,-1,-1,-1,-1
1409,-1,-1,-1,3483,10307,-1,-1,-1
1410,-1,-1,-1,1055,-1,-1,-1,-1
1411,-1,-1,-1,282,-1,-1,-1,-1
1412,-1,-1,-1,909,-1,-1,-1,-1
1413,-1,-1,-1,317,-1,-1,-1,-1
1414,-1,-1,-1,804,-1,-1,-1,-1
1415,-1,-1,-1,2319,-1,-1,-1,-1
1416,-1,-1,-1,296,-1,-1,-1,-1
1417,-1,-1,-1,2181,-1,-1,-1,-1
1418,-1,-1,-1,1145,-1,-1,-1,-1
1419,-1,-1,-1,1604,-1,-1,-1,-1
1420,-1,-1,-1,1901,-1,-1,-1,-1
1421,-1,-1,-1,2442,-1,-1,-1,-1
1422,-1,-1,-1,2554,-1,-1,-1,-1
1423,-1,-1,-1,1033,-1,-1,-1,-1
1424,-1,-1,-1,1522,-1,-1,-1,-1
1425,-1,-1,-1,2604,-1,-1,-1,-1
1426,-1,-1,-1,1178,-1,-1,-1,-1
1427,-1,-1,-1,1017,-1,-1,-1,-1
1428,-1,-1,-1,9568,14335,17954,-1,-1
1429,-1,-1,-1,1255,-1,-1,-1,-1
1430,-1,-1,-1,2420,-1,-1,-1,-1
1431,-1,-1,-1,1067,-1,-1,-1,-1
1432,-1,-1,-1,2236,-1,-1,-1,-1
1433,-1,-1,-1,363,-1,-1,-1,-1
1434,-1,-1,-1,5040,-1,-1,-1,-1
1435,-1,-1,-1,255,-1,-1,-1,-1
1436,-1,-1,-1,661,-1,-1,-1,-1
1437,-1,-1,-1,1582,-1,-1,-1,-1
1438,-1,-1,-1,2723,-1,-1,-1,-1
1439,-1,-1,-1,3062,-1,-1,-1,-1
1440,-1,-1,-1,2134,-1,-1,-1,-1
1441,-1,-1,-1,3486,-1,-1,-1,-1
1442,-1,-1,-1,3351,-1,-1,-1,-1
1443,-1,-1,-1,10050,-1,-1,-1,-1
1444,-1,-1,-1,2885,-1,-1,-1,-1
1445,-1,-1,-1,300,-1,-1,-1,-1
1446,-1,-1,-1,2358,-1,-1,-1,-1
1447,-1,-1,-1,3747,11390,-1,-1,-1
1448,-1,-1,-1,4555,-1,-1,-1,-1
1449,-1,-1,-1,5041,-1,-1,-1,-1
1450,-1,-1,-1,16373,-1,-1,-1,-1
1451,-1,-1,-1,3032,6946,-1,-1,-1
1452,-1,-1,-1,837,-1,-1,-1,-1
1453,-1,-1,-1,1965,-1,-1,-1,-1
1454,-1,-1,-1,900,-1,-1,-1,-1
1455,-1,-1,-1,2593,-1,-1,-1,-1
1456,-1,-1,-1,5985,-1,-1,-1,-1
1457,-1,-1,-1,660,-1,-1,-1,-1
1458,-1,-1,-1,2745,-1,-1,-1,-1
1459,-1,-1,-1,2196,-1,-1,-1,-1
1460,-1,-1,-1,2718,-1,-1,-1,-1
1461,-1,-1,-1,1608,-1,-1,-1,-1
1462,-1,-1,-1,1145,-1,-1,-1,-1
1463,-1,-1,-1,2965,-1,-1,-1,-1
1464,-1,-1,-1,1931,3078,-1,-1,-1
1465,-1,-1,-1,4042,-1,-1,-1,-1
1466,-1,-1,-1,2313,-1,-1,-1,-1
1467,-1,-1,-1,1036,-1,-1,-1,-1
1468,-1,-1,-1,995,-1,-1,-1,-1
1469,-1,-1,-1,1535,-1,-1,-1,-1
1470,-1,-1,-1,1356,-1,-1,-1,-1
1471,-1,-1,-1,884,-1,-1,-1,-1
1472,-1,-1,-1,1159,-1,-1,-1,-1
1473,-1,-1,-1,1381,-1,-1,-1,-1
1474,-1,-1,-1,10816,15870,-1,-1,-1
1475,-1,-1,-1,1013,-1,-1,-1,-1
1476,-1,-1,-1,1277,-1,-1,-1,-1
1477,-1,-1,-1,446,516,-1,-1,-1
1478,-1,-1,-1,13032,-1,-1,-1,-1
1479,-1,-1,-1,429,477,-1,-1,-1
1480,-1,-1,-1,458,477,-1,-1,-1
1481,-1,-1,-1,951,3920,-1,-1,-1
1482,-1,-1,-1,1131,-1,-1,-1,-1
1483,-1,-1,-1,13285,-1,-1,-1,-1
1484,-1,-1,-1,7838,-1,-1,-1,-1
1485,-1,-1,-1,1440,-1,-1,-1,-1
1486,-1,-1,-1,6636,-1,-1,-1,-1
1487,-1,-1,-1,1082,-1,-1,-1,-1
1488,-1,-1,-1,810,-1,-1,-1,-1
1489,-1,-1,-1,44446,-1,-1,-1,-1
1490,-1,-1,-1,1913,-1,-1,-1,-1
1491,-1,-1,-1,332,-1,-1,-1,-1
1492,-1,-1,-1,3899,12130,-1,-1,-1
1493,-1,-1,-1,17232,-1,-1,-1,-1
1494,-1,-1,-1,42492,-1,-1,-1,-1
1495,-1,-1,-1,14817,-1,-1,-1,-1
1496,-1,-1,-1,2658,1893,-1,-1,-1
1497,-1,-1,-1,16500,-1,-1,-1,-1
1498,-1,-1,-1,2735,-1,-1,-1,-1
1499,-1,-1,-1,15215,26534,-1,-1,-1
1500,-1,-1,-1,2975,10319,-1,-1,-1
1501,-1,-1,-1,30920,-1,-1,-1,-1
1502,-1,-1,-1,15595,-1,-1,-1,-1
1503,-1,-1,-1,11606,-1,-1,-1,-1
1504,-1,-1,-1,7799,-1,-1,-1,-1
1505,-1,-1,-1,6443,-1,-1,-1,-1
1506,-1,-1,-1,1745,-1,-1,-1,-1
1507,-1,-1,-1,30132,-1,-1,-1,-1
1508,-1,-1,-1,14994,-1,-1,-1,-1
1509,-1,-1,-1,17230,-1,-1,-1,-1
1510,-1,-1,-1,12709,-1,-1,-1,-1
1511,-1,-1,-1,3944,5016,-1,-1,-1
1512,-1,-1,-1,1139,-1,-1,-1,-1
1513,-1,-1,-1,13822,-1,-1,-1,-1
1514,-1,-1,-1,6176,-1,-1,-1,-1
1515,-1,-1,-1,8812,-1,-1,-1,-1
1516,-1,-1,-1,15421,-1,-1,-1,-1
1517,-1,-1,-1,8434,-1,-1,-1,-1
1518,-1,-1,-1,22357,-1,-1,-1,-1
1519,-1,-1,-1,21780,-1,-1,-1,-1
1520,-1,-1,-1,4413,-1,-1,-1,-1
1521,-1,-1,-1,49050,-1,-1,-1,-1
1522,-1,-1,-1,11772,-1,-1,-1,-1
1523,-1,-1,-1,25786,-1,-1,-1,-1
1524,-1,-1,-1,501,-1,-1,-1,-1
1525,-1,-1,-1,937,-1,-1,-1,-1
1526,-1,-1,-1,1166,-1,-1,-1,-1
1527,-1,-1,-1,395,2205,-1,-1,-1
1528,-1,-1,-1,339,-1,-1,-1,-1
1529,-1,-1,-1,1656,-1,-1,-1,-1
1530,-1,-1,-1,7906,-1,-1,-1,-1
1531,-1,-1,-1,557,-1,-1,-1,-1
1532,-1,-1,-1,15132,-1,-1,-1,-1
1533,-1,-1,-1,17464,-1,-1,-1,-1
1534,-1,-1,-1,18042,-1,-1,-1,-1
1535,-1,-1,-1,372,3875,7879,-1,-1
1536,-1,-1,-1,250,-1,-1,-1,-1
1537,-1,-1,-1,33864,-1,-1,-1,-1
1538,-1,-1,-1,674,-1,-1,-1,-1
1539,-1,-1,-1,6141,-1,-1,-1,-1
1540,-1,-1,-1,11723,-1,-1,-1,-1
1541,-1,-1,-1,2305,-1,-1,-1,-1
1542,-1,-1,-1,324,-1,-1,-1,-1
1543,-1,-1,-1,14361,-1,-1,-1,-1
1544,-1,-1,-1,4943,-1,-1,-1,-1
1545,-1,-1,-1,1446,-1,-1,-1,-1
1546,-1,-1,-1,4262,-1,-1,-1,-1
1547,-1,-1,-1,652,-1,-1,-1,-1
1548,-1,-1,-1,2658,-1,-1,-1,-1
1549,-1,-1,-1,-1,2626,5977,-1,-1
1550,-1,-1,-1,-1,2926,-1,-1,-1
1551,-1,-1,-1,-1,3512,4300,-1,-1
1552,-1,-1,-1,-1,655,-1,-1,-1
1553,-1,-1,-1,-1,812,-1,-1,-1
1554,-1,-1,-1,-1,944,-1,-1,-1
1555,-1,-1,-1,-1,551,-1,-1,-1
1556,-1,-1,-1,-1,933,-1,-1,-1
1557,-1,-1,-1,-1,2138,-1,-1,-1
1558,-1,-1,-1,-1,1173,-1,-1,-1
1559,-1,-1,-1,-1,3680,-1,-1,-1
1560,-1,-1,-1,-1,788,-1,-1,-1
1561,-1,-1,-1,-1,2851,-1,-1,-1
1562,-1,-1,-1,-1,1798,-1,-1,-1
1563,-1,-1,-1,-1,1098,-1,-1,-1
1564,-1,-1,-1,-1,725,-1,-1,-1
1565,-1,-1,-1,-1,4247,-1,-1,-1
1566,-1,-1,-1,-1,1974,-1,-1,-1
1567,-1,-1,-1,-1,1187,4226,6004,12660
1568,-1,-1,-1,-1,499,-1,-1,-1
1569,-1,-1,-1,-1,893,3318,-1,-1
1570,-1,-1,-1,-1,956,-1,-1,-1
1571,-1,-1,-1,-1,821,-1,-1,-1
1572,-1,-1,-1,-1,1144,-1,-1,-1
1573,-1,-1,-1,-1,2874,-1,-1,-1
1574,-1,-1,-1,-1,666,1276,-1,-1
1575,-1,-1,-1,-1,17849,37158,45009,-1
1576,-1,-1,-1,-1,843,-1,-1,-1
1577,-1,-1,-1,-1,1886,-1,-1,-1
1578,-1,-1,-1,-1,2014,-1,-1,-1
1579,-1,-1,-1,-1,1133,-1,-1,-1
1580,-1,-1,-1,-1,264,-1,-1,-1
1581,-1,-1,-1,-1,763,-1,-1,-1
1582,-1,-1,-1,-1,2620,-1,-1,-1
1583,-1,-1,-1,-1,1345,-1,-1,-1
1584,-1,-1,-1,-1,804,464,320,443
1585,-1,-1,-1,-1,918,-1,-1,-1
1586,-1,-1,-1,-1,1870,-1,-1,-1
1587,-1,-1,-1,-1,1152,-1,-1,-1
1588,-1,-1,-1,-1,1215,4265,-1,-1
1589,-1,-1,-1,-1,1270,-1,-1,-1
1590,-1,-1,-1,-1,751,3708,6195,10914
1591,-1,-1,-1,-1,3849,-1,-1,-1
1592,-1,-1,-1,-1,1043,1988,2179,1891
1593,-1,-1,-1,-1,2052,-1,-1,-1
1594,-1,-1,-1,-1,545,-1,-1,-1
1595,-1,-1,-1,-1,1245,3641,4437,-1
1596,-1,-1,-1,-1,981,-1,-1,-1
1597,-1,-1,-1,-1,2829,-1,-1,-1
1598,-1,-1,-1,-1,869,4325,8615,-1
1599,-1,-1,-1,-1,331,-1,-1,-1
1600,-1,-1,-1,-1,126,2828,-1,-1
1601,-1,-1,-1,-1,411,2338,4256,-1
1602,-1,-1,-1,-1,369,-1,-1,-1
1603,-1,-1,-1,-1,240,-1,-1,-1
1604,-1,-1,-1,-1,20304,41432,-1,-1
1605,-1,-1,-1,-1,885,-1,-1,-1
1606,-1,-1,-1,-1,1901,-1,-1,-1
1607,-1,-1,-1,-1,1161,5572,-1,-1
1608,-1,-1,-1,-1,40357,-1,-1,-1
1609,-1,-1,-1,-1,38567,-1,-1,-1
1610,-1,-1,-1,-1,1545,5191,6343,7069
1611,-1,-1,-1,-1,1079,3705,-1,-1
1612,-1,-1,-1,-1,522,-1,-1,-1
1613,-1,-1,-1,-1,966,-1,-1,-1
1614,-1,-1,-1,-1,1371,-1,-1,-1
1615,-1,-1,-1,-1,2150,9046,-1,-1
1616,-1,-1,-1,-1,1960,-1,-1,-1
1617,-1,-1,-1,-1,2875,11432,16447,-1
1618,-1,-1,-1,-1,178,-1,-1,-1
1619,-1,-1,-1,-1,156,-1,-1,-1
1620,-1,-1,-1,-1,2629,-1,-1,-1
1621,-1,-1,-1,-1,1751,-1,-1,-1
1622,-1,-1,-1,-1,718,-1,-1,-1
1623,-1,-1,-1,-1,2310,-1,-1,-1
1624,-1,-1,-1,-1,2847,-1,-1,-1
1625,-1,-1,-1,-1,1230,-1,-1,-1
1626,-1,-1,-1,-1,1587,-1,-1,-1
1627,-1,-1,-1,-1,1255,-1,-1,-1
1628,-1,-1,-1,-1,863,-1,-1,-1
1629,-1,-1,-1,-1,2090,-1,-1,-1
1630,-1,-1,-1,-1,652,-1,-1,-1
1631,-1,-1,-1,-1,3004,-1,-1,-1
1632,-1,-1,-1,-1,2887,-1,-1,-1
1633,-1,-1,-1,-1,1019,-1,-1,-1
1634,-1,-1,-1,-1,3911,12601,-1,-1
1635,-1,-1,-1,-1,1376,5837,-1,-1
1636,-1,-1,-1,-1,1188,-1,-1,-1
1637,-1,-1,-1,-1,1131,-1,-1,-1
1638,-1,-1,-1,-1,3496,-1,-1,-1
1639,-1,-1,-1,-1,134,-1,-1,-1
1640,-1,-1,-1,-1,1751,5706,-1,-1
1641,-1,-1,-1,-1,2408,-1,-1,-1
1642,-1,-1,-1,-1,2327,8233,14484,-1
1643,-1,-1,-1,-1,796,-1,-1,-1
1644,-1,-1,-1,-1,1224,-1,-1,-1
1645,-1,-1,-1,-1,740,-1,-1,-1
1646,-1,-1,-1,-1,1840,-1,-1,-1
1647,-1,-1,-1,-1,2761,11949,-1,-1
1648,-1,-1,-1,-1,490,-1,-1,-1
1649,-1,-1,-1,-1,146,-1,-1,-1
1650,-1,-1,-1,-1,494,-1,-1,-1
1651,-1,-1,-1,-1,371,-1,-1,-1
1652,-1,-1,-1,-1,306,2262,-1,-1
1653,-1,-1,-1,-1,1682,-1,-1,-1
1654,-1,-1,-1,-1,968,-1,-1,-1
1655,-1,-1,-1,-1,1593,-1,-1,-1
1656,-1,-1,-1,-1,553,-1,-1,-1
1657,-1,-1,-1,-1,690,-1,-1,-1
1658,-1,-1,-1,-1,2017,-1,-1,-1
1659,-1,-1,-1,-1,838,4262,-1,-1
1660,-1,-1,-1,-1,2241,7214,-1,-1
1661,-1,-1,-1,-1,1340,-1,-1,-1
1662,-1,-1,-1,-1,322,2177,1752,-1
1663,-1,-1,-1,-1,406,1771,-1,-1
1664,-1,-1,-1,-1,128,-1,-1,-1
1665,-1,-1,-1,-1,1934,-1,-1,-1
1666,-1,-1,-1,-1,2154,-1,-1,-1
1667,-1,-1,-1,-1,2174,-1,-1,-1
1668,-1,-1,-1,-1,766,-1,-1,-1
1669,-1,-1,-1,-1,1836,-1,-1,-1
1670,-1,-1,-1,-1,2286,-1,-1,-1
1671,-1,-1,-1,-1,1842,-1,-1,-1
1672,-1,-1,-1,-1,948,-1,-1,-1
1673,-1,-1,-1,-1,2375,7234,-1,-1
1674,-1,-1,-1,-1,3218,-1,-1,-1
1675,-1,-1,-1,-1,1603,4790,-1,-1
1676,-1,-1,-1,-1,2403,-1,-1,-1
1677,-1,-1,-1,-1,1113,-1,-1,-1
1678,-1,-1,-1,-1,189,-1,-1,-1
1679,-1,-1,-1,-1,883,-1,-1,-1
1680,-1,-1,-1,-1,1455,-1,-1,-1
1681,-1,-1,-1,-1,533,-1,-1,-1
1682,-1,-1,-1,-1,522,-1,-1,-1
1683,-1,-1,-1,-1,2692,-1,-1,-1
1684,-1,-1,-1,-1,1277,-1,-1,-1
1685,-1,-1,-1,-1,1054,-1,-1,-1
1686,-1,-1,-1,-1,541,-1,-1,-1
1687,-1,-1,-1,-1,104,-1,-1,-1
1688,-1,-1,-1,-1,1043,-1,-1,-1
1689,-1,-1,-1,-1,1666,-1,-1,-1
1690,-1,-1,-1,-1,122,-1,-1,-1
1691,-1,-1,-1,-1,1081,-1,-1,-1
1692,-1,-1,-1,-1,714,-1,-1,-1
1693,-1,-1,-1,-1,1819,-1,-1,-1
1694,-1,-1,-1,-1,1426,-1,-1,-1
1695,-1,-1,-1,-1,1192,-1,-1,-1
1696,-1,-1,-1,-1,407,-1,-1,-1
1697,-1,-1,-1,-1,2105,-1,-1,-1
1698,-1,-1,-1,-1,945,1638,-1,-1
1699,-1,-1,-1,-1,2712,-1,-1,-1
1700,-1,-1,-1,-1,180,-1,-1,-1
1701,-1,-1,-1,-1,1863,-1,-1,-1
1702,-1,-1,-1,-1,1331,-1,-1,-1
1703,-1,-1,-1,-1,4301,-1,-1,-1
1704,-1,-1,-1,-1,142,-1,-1,-1
1705,-1,-1,-1,-1,854,-1,-1,-1
1706,-1,-1,-1,-1,1633,-1,-1,-1
1707,-1,-1,-1,-1,2006,-1,-1,-1
1708,-1,-1,-1,-1,2632,9755,-1,-1
1709,-1,-1,-1,-1,3535,-1,-1,-1
1710,-1,-1,-1,-1,840,-1,-1,-1
1711,-1,-1,-1,-1,2286,-1,-1,-1
1712,-1,-1,-1,-1,844,-1,-1,-1
1713,-1,-1,-1,-1,653,-1,-1,-1
1714,-1,-1,-1,-1,772,-1,-1,-1
1715,-1,-1,-1,-1,916,-1,-1,-1
1716,-1,-1,-1,-1,1375,-1,-1,-1
1717,-1,-1,-1,-1,757,-1,-1,-1
1718,-1,-1,-1,-1,226,-1,-1,-1
1719,-1,-1,-1,-1,2584,-1,-1,-1
1720,-1,-1,-1,-1,1108,-1,-1,-1
1721,-1,-1,-1,-1,1439,-1,-1,-1
1722,-1,-1,-1,-1,524,-1,-1,-1
1723,-1,-1,-1,-1,1086,-1,-1,-1
1724,-1,-1,-1,-1,1247,-1,-1,-1
1725,-1,-1,-1,-1,818,-1,-1,-1
1726,-1,-1,-1,-1,817,-1,-1,-1
1727,-1,-1,-1,-1,161,-1,-1,-1
1728,-1,-1,-1,-1,916,-1,-1,-1
1729,-1,-1,-1,-1,682,-1,-1,-1
1730,-1,-1,-1,-1,191,1825,-1,-1
1731,-1,-1,-1,-1,2984,-1,-1,-1
1732,-1,-1,-1,-1,803,-1,-1,-1
1733,-1,-1,-1,-1,4938,-1,-1,-1
1734,-1,-1,-1,-1,2394,-1,-1,-1
1735,-1,-1,-1,-1,1408,-1,-1,-1
1736,-1,-1,-1,-1,822,-1,-1,-1
1737,-1,-1,-1,-1,424,-1,-1,-1
1738,-1,-1,-1,-1,565,1564,-1,-1
1739,-1,-1,-1,-1,1736,-1,-1,-1
1740,-1,-1,-1,-1,428,-1,-1,-1
1741,-1,-1,-1,-1,110,-1,-1,-1
1742,-1,-1,-1,-1,838,-1,-1,-1
1743,-1,-1,-1,-1,1301,1181,-1,-1
1744,-1,-1,-1,-1,2082,-1,-1,-1
1745,-1,-1,-1,-1,3304,-1,-1,-1
1746,-1,-1,-1,-1,3084,-1,-1,-1
1747,-1,-1,-1,-1,840,-1,-1,-1
1748,-1,-1,-1,-1,666,-1,-1,-1
1749,-1,-1,-1,-1,4981,-1,-1,-1
1750,-1,-1,-1,-1,124,-1,-1,-1
1751,-1,-1,-1,-1,1279,-1,-1,-1
1752,-1,-1,-1,-1,1567,-1,-1,-1
1753,-1,-1,-1,-1,652,-1,-1,-1
1754,-1,-1,-1,-1,1702,-1,-1,-1
1755,-1,-1,-1,-1,620,-1,-1,-1
1756,-1,-1,-1,-1,2690,-1,-1,-1
1757,-1,-1,-1,-1,1811,-1,-1,-1
1758,-1,-1,-1,-1,817,-1,-1,-1
1759,-1,-1,-1,-1,1826,-1,-1,-1
1760,-1,-1,-1,-1,1932,-1,-1,-1
1761,-1,-1,-1,-1,551,-1,-1,-1
1762,-1,-1,-1,-1,3426,-1,-1,-1
1763,-1,-1,-1,-1,1073,-1,-1,-1
1764,-1,-1,-1,-1,2716,-1,-1,-1
1765,-1,-1,-1,-1,4062,-1,-1,-1
1766,-1,-1,-1,-1,1567,-1,-1,-1
1767,-1,-1,-1,-1,370,-1,-1,-1
1768,-1,-1,-1,-1,918,-1,-1,-1
1769,-1,-1,-1,-1,1418,7063,-1,-1
1770,-1,-1,-1,-1,1932,-1,-1,-1
1771,-1,-1,-1,-1,172,-1,-1,-1
1772,-1,-1,-1,-1,1750,5700,-1,-1
1773,-1,-1,-1,-1,914,-1,-1,-1
1774,-1,-1,-1,-1,3443,-1,-1,-1
1775,-1,-1,-1,-1,977,5210,-1,-1
1776,-1,-1,-1,-1,3023,-1,-1,-1
1777,-1,-1,-1,-1,1072,-1,-1,-1
1778,-1,-1,-1,-1,3002,-1,-1,-1
1779,-1,-1,-1,-1,1605,4544,-1,-1
1780,-1,-1,-1,-1,2396,-1,-1,-1
1781,-1,-1,-1,-1,432,5674,-1,-1
1782,-1,-1,-1,-1,1104,-1,-1,-1
1783,-1,-1,-1,-1,1307,-1,-1,-1
1784,-1,-1,-1,-1,2829,-1,-1,-1
1785,-1,-1,-1,-1,988,-1,-1,-1
1786,-1,-1,-1,-1,2074,-1,-1,-1
1787,-1,-1,-1,-1,2658,-1,-1,-1
1788,-1,-1,-1,-1,2083,-1,-1,-1
1789,-1,-1,-1,-1,918,-1,-1,-1
1790,-1,-1,-1,-1,3881,11374,-1,-1
1791,-1,-1,-1,-1,1419,-1,-1,-1
1792,-1,-1,-1,-1,941,5225,7796,-1
1793,-1,-1,-1,-1,2811,-1,-1,-1
1794,-1,-1,-1,-1,1558,-1,-1,-1
1795,-1,-1,-1,-1,172,1632,-1,-1
1796,-1,-1,-1,-1,2185,-1,-1,-1
1797,-1,-1,-1,-1,3470,-1,-1,-1
1798,-1,-1,-1,-1,1478,-1,-1,-1
1799,-1,-1,-1,-1,6464,-1,-1,-1
1800,-1,-1,-1,-1,3766,-1,-1,-1
1801,-1,-1,-1,-1,6964,-1,-1,-1
1802,-1,-1,-1,-1,520,-1,-1,-1
1803,-1,-1,-1,-1,575,-1,-1,-1
1804,-1,-1,-1,-1,1892,-1,-1,-1
1805,-1,-1,-1,-1,1300,-1,-1,-1
1806,-1,-1,-1,-1,633,-1,-1,-1
1807,-1,-1,-1,-1,392,-1,-1,-1
1808,-1,-1,-1,-1,2219,-1,-1,-1
1809,-1,-1,-1,-1,1040,-1,-1,-1
1810,-1,-1,-1,-1,1003,-1,-1,-1
1811,-1,-1,-1,-1,191,-1,-1,-1
1812,-1,-1,-1,-1,-1,274,-1,-1
1813,-1,-1,-1,-1,-1,347,-1,-1
1814,-1,-1,-1,-1,-1,143,1341,-1
1815,-1,-1,-1,-1,-1,3405,-1,-1
1816,-1,-1,-1,-1,-1,500,-1,-1
1817,-1,-1,-1,-1,-1,160,-1,-1
1818,-1,-1,-1,-1,-1,1152,-1,-1
1819,-1,-1,-1,-1,-1,468,-1,-1
1820,-1,-1,-1,-1,-1,1366,-1,-1
1821,-1,-1,-1,-1,-1,6430,12305,18921
1822,-1,-1,-1,-1,-1,2422,-1,-1
1823,-1,-1,-1,-1,-1,200,344,-1
1824,-1,-1,-1,-1,-1,360,387,-1
1825,-1,-1,-1,-1,-1,585,-1,-1
1826,-1,-1,-1,-1,-1,1916,5096,-1
1827,-1,-1,-1,-1,-1,2234,-1,-1
1828,-1,-1,-1,-1,-1,253,3533,8975
1829,-1,-1,-1,-1,-1,940,5419,-1
1830,-1,-1,-1,-1,-1,2434,-1,-1
1831,-1,-1,-1,-1,-1,425,-1,-1
1832,-1,-1,-1,-1,-1,475,586,711
1833,-1,-1,-1,-1,-1,284,495,741
1834,-1,-1,-1,-1,-1,388,-1,-1
1835,-1,-1,-1,-1,-1,399,-1,-1
1836,-1,-1,-1,-1,-1,726,440,392
1837,-1,-1,-1,-1,-1,106,-1,-1
1838,-1,-1,-1,-1,-1,958,-1,-1
1839,-1,-1,-1,-1,-1,355,-1,-1
1840,-1,-1,-1,-1,-1,247,-1,-1
1841,-1,-1,-1,-1,-1,3238,-1,-1
1842,-1,-1,-1,-1,-1,201,-1,-1
1843,-1,-1,-1,-1,-1,636,696,462
1844,-1,-1,-1,-1,-1,336,696,462
1845,-1,-1,-1,-1,-1,293,-1,-1
1846,-1,-1,-1,-1,-1,154,197,369
1847,-1,-1,-1,-1,-1,325,401,431
1848,-1,-1,-1,-1,-1,1894,-1,-1
1849,-1,-1,-1,-1,-1,192,401,431
1850,-1,-1,-1,-1,-1,381,-1,-1
1851,-1,-1,-1,-1,-1,1558,6522,-1
1852,-1,-1,-1,-1,-1,716,-1,-1
1853,-1,-1,-1,-1,-1,1787,-1,-1
1854,-1,-1,-1,-1,-1,166,247,-1
1855,-1,-1,-1,-1,-1,224,296,-1
1856,-1,-1,-1,-1,-1,1243,-1,-1
1857,-1,-1,-1,-1,-1,1387,-1,-1
1858,-1,-1,-1,-1,-1,1509,2821,-1
1859,-1,-1,-1,-1,-1,168,3622,-1
1860,-1,-1,-1,-1,-1,211,-1,-1
1861,-1,-1,-1,-1,-1,2732,8979,-1
1862,-1,-1,-1,-1,-1,330,-1,-1
1863,-1,-1,-1,-1,-1,2838,7957,-1
1864,-1,-1,-1,-1,-1,1957,-1,-1
1865,-1,-1,-1,-1,-1,343,-1,-1
1866,-1,-1,-1,-1,-1,204,328,428
1867,-1,-1,-1,-1,-1,390,-1,-1
1868,-1,-1,-1,-1,-1,2159,-1,-1
1869,-1,-1,-1,-1,-1,279,263,498
1870,-1,-1,-1,-1,-1,253,321,466
1871,-1,-1,-1,-1,-1,6213,-1,-1
1872,-1,-1,-1,-1,-1,244,357,514
1873,-1,-1,-1,-1,-1,1621,1317,-1
1874,-1,-1,-1,-1,-1,979,-1,-1
1875,-1,-1,-1,-1,-1,3240,-1,-1
1876,-1,-1,-1,-1,-1,378,313,483
1877,-1,-1,-1,-1,-1,1793,-1,-1
1878,-1,-1,-1,-1,-1,194,-1,-1
1879,-1,-1,-1,-1,-1,203,112,-1
1880,-1,-1,-1,-1,-1,167,112,-1
1881,-1,-1,-1,-1,-1,360,-1,-1
1882,-1,-1,-1,-1,-1,3148,-1,-1
1883,-1,-1,-1,-1,-1,652,3477,-1
1884,-1,-1,-1,-1,-1,1777,1709,-1
1885,-1,-1,-1,-1,-1,118,-1,-1
1886,-1,-1,-1,-1,-1,289,3239,8151
1887,-1,-1,-1,-1,-1,1648,-1,-1
1888,-1,-1,-1,-1,-1,128,-1,-1
1889,-1,-1,-1,-1,-1,619,2857,-1
1890,-1,-1,-1,-1,-1,636,-1,-1
1891,-1,-1,-1,-1,-1,1811,-1,-1
1892,-1,-1,-1,-1,-1,1423,3769,7505
1893,-1,-1,-1,-1,-1,262,298,538
1894,-1,-1,-1,-1,-1,844,-1,-1
1895,-1,-1,-1,-1,-1,1303,3301,-1
1896,-1,-1,-1,-1,-1,369,532,-1
1897,-1,-1,-1,-1,-1,330,-1,-1
1898,-1,-1,-1,-1,-1,3668,6782,-1
1899,-1,-1,-1,-1,-1,2974,-1,-1
1900,-1,-1,-1,-1,-1,2447,5531,-1
1901,-1,-1,-1,-1,-1,314,-1,-1
1902,-1,-1,-1,-1,-1,281,694,-1
1903,-1,-1,-1,-1,-1,11628,-1,-1
1904,-1,-1,-1,-1,-1,1332,5403,9984
1905,-1,-1,-1,-1,-1,2989,5933,8903
1906,-1,-1,-1,-1,-1,1364,3842,-1
1907,-1,-1,-1,-1,-1,1313,3055,4821
1908,-1,-1,-1,-1,-1,3907,-1,-1
1909,-1,-1,-1,-1,-1,839,2789,5282
1910,-1,-1,-1,-1,-1,1354,1410,-1
1911,-1,-1,-1,-1,-1,485,1410,-1
1912,-1,-1,-1,-1,-1,1765,4896,-1
1913,-1,-1,-1,-1,-1,311,1628,-1
1914,-1,-1,-1,-1,-1,3101,5626,7337
1915,-1,-1,-1,-1,-1,513,-1,-1
1916,-1,-1,-1,-1,-1,198,-1,-1
1917,-1,-1,-1,-1,-1,122,-1,-1
1918,-1,-1,-1,-1,-1,321,-1,-1
1919,-1,-1,-1,-1,-1,1503,-1,-1
1920,-1,-1,-1,-1,-1,1553,-1,-1
1921,-1,-1,-1,-1,-1,1920,-1,-1
1922,-1,-1,-1,-1,-1,3288,7080,-1
1923,-1,-1,-1,-1,-1,1572,-1,-1
1924,-1,-1,-1,-1,-1,2476,-1,-1
1925,-1,-1,-1,-1,-1,2217,2161,-1
1926,-1,-1,-1,-1,-1,3957,-1,-1
1927,-1,-1,-1,-1,-1,3955,-1,-1
1928,-1,-1,-1,-1,-1,828,-1,-1
1929,-1,-1,-1,-1,-1,1945,-1,-1
1930,-1,-1,-1,-1,-1,1218,-1,-1
1931,-1,-1,-1,-1,-1,2496,-1,-1
1932,-1,-1,-1,-1,-1,1378,-1,-1
1933,-1,-1,-1,-1,-1,704,-1,-1
1934,-1,-1,-1,-1,-1,2840,-1,-1
1935,-1,-1,-1,-1,-1,5347,-1,-1
1936,-1,-1,-1,-1,-1,2306,-1,-1
1937,-1,-1,-1,-1,-1,1643,-1,-1
1938,-1,-1,-1,-1,-1,227,-1,-1
1939,-1,-1,-1,-1,-1,4084,-1,-1
1940,-1,-1,-1,-1,-1,2307,-1,-1
1941,-1,-1,-1,-1,-1,1594,-1,-1
1942,-1,-1,-1,-1,-1,1799,-1,-1
1943,-1,-1,-1,-1,-1,1702,-1,-1
1944,-1,-1,-1,-1,-1,512,-1,-1
1945,-1,-1,-1,-1,-1,824,-1,-1
1946,-1,-1,-1,-1,-1,245,-1,-1
1947,-1,-1,-1,-1,-1,176,-1,-1
1948,-1,-1,-1,-1,-1,2128,-1,-1
1949,-1,-1,-1,-1,-1,1012,-1,-1
1950,-1,-1,-1,-1,-1,396,-1,-1
1951,-1,-1,-1,-1,-1,2291,-1,-1
1952,-1,-1,-1,-1,-1,2100,-1,-1
1953,-1,-1,-1,-1,-1,2146,-1,-1
1954,-1,-1,-1,-1,-1,568,361,-1
1955,-1,-1,-1,-1,-1,276,361,-1
1956,-1,-1,-1,-1,-1,2803,-1,-1
1957,-1,-1,-1,-1,-1,1242,-1,-1
1958,-1,-1,-1,-1,-1,242,-1,-1
1959,-1,-1,-1,-1,-1,712,2694,-1
1960,-1,-1,-1,-1,-1,472,1960,-1
1961,-1,-1,-1,-1,-1,1818,-1,-1
1962,-1,-1,-1,-1,-1,2169,-1,-1
1963,-1,-1,-1,-1,-1,706,1960,-1
1964,-1,-1,-1,-1,-1,6010,-1,-1
1965,-1,-1,-1,-1,-1,1333,-1,-1
1966,-1,-1,-1,-1,-1,1474,-1,-1
1967,-1,-1,-1,-1,-1,214,-1,-1
1968,-1,-1,-1,-1,-1,1307,2550,-1
1969,-1,-1,-1,-1,-1,1514,-1,-1
1970,-1,-1,-1,-1,-1,1369,-1,-1
1971,-1,-1,-1,-1,-1,2077,-1,-1
1972,-1,-1,-1,-1,-1,1917,-1,-1
1973,-1,-1,-1,-1,-1,201,-1,-1
1974,-1,-1,-1,-1,-1,2152,-1,-1
1975,-1,-1,-1,-1,-1,2052,-1,-1
1976,-1,-1,-1,-1,-1,4228,-1,-1
1977,-1,-1,-1,-1,-1,2373,-1,-1
1978,-1,-1,-1,-1,-1,852,-1,-1
1979,-1,-1,-1,-1,-1,2592,-1,-1
1980,-1,-1,-1,-1,-1,1025,3028,-1
1981,-1,-1,-1,-1,-1,1006,-1,-1
1982,-1,-1,-1,-1,-1,3164,-1,-1
1983,-1,-1,-1,-1,-1,445,-1,-1
1984,-1,-1,-1,-1,-1,1452,-1,-1
1985,-1,-1,-1,-1,-1,284,-1,-1
1986,-1,-1,-1,-1,-1,1093,-1,-1
1987,-1,-1,-1,-1,-1,4952,-1,-1
1988,-1,-1,-1,-1,-1,2146,-1,-1
1989,-1,-1,-1,-1,-1,1218,2760,-1
1990,-1,-1,-1,-1,-1,198,-1,-1
1991,-1,-1,-1,-1,-1,3770,-1,-1
1992,-1,-1,-1,-1,-1,1045,-1,-1
1993,-1,-1,-1,-1,-1,358,-1,-1
1994,-1,-1,-1,-1,-1,368,-1,-1
1995,-1,-1,-1,-1,-1,1208,-1,-1
1996,-1,-1,-1,-1,-1,1603,-1,-1
1997,-1,-1,-1,-1,-1,2764,-1,-1
1998,-1,-1,-1,-1,-1,880,-1,-1
1999,-1,-1,-1,-1,-1,978,-1,-1
2000,-1,-1,-1,-1,-1,925,-1,-1
2001,-1,-1,-1,-1,-1,3536,-1,-1
2002,-1,-1,-1,-1,-1,730,-1,-1
2003,-1,-1,-1,-1,-1,1477,-1,-1
2004,-1,-1,-1,-1,-1,3549,-1,-1
2005,-1,-1,-1,-1,-1,487,643,819
2006,-1,-1,-1,-1,-1,1507,-1,-1
2007,-1,-1,-1,-1,-1,1060,-1,-1
2008,-1,-1,-1,-1,-1,1978,-1,-1
2009,-1,-1,-1,-1,-1,1037,-1,-1
2010,-1,-1,-1,-1,-1,2407,-1,-1
2011,-1,-1,-1,-1,-1,3515,-1,-1
2012,-1,-1,-1,-1,-1,1708,-1,-1
2013,-1,-1,-1,-1,-1,470,885,-1
2014,-1,-1,-1,-1,-1,3085,-1,-1
2015,-1,-1,-1,-1,-1,2814,-1,-1
2016,-1,-1,-1,-1,-1,151,-1,-1
2017,-1,-1,-1,-1,-1,1498,-1,-1
2018,-1,-1,-1,-1,-1,1871,-1,-1
2019,-1,-1,-1,-1,-1,1125,-1,-1
2020,-1,-1,-1,-1,-1,121,-1,-1
2021,-1,-1,-1,-1,-1,111,-1,-1
2022,-1,-1,-1,-1,-1,4705,11196,-1
2023,-1,-1,-1,-1,-1,1164,-1,-1
2024,-1,-1,-1,-1,-1,269,-1,-1
2025,-1,-1,-1,-1,-1,2749,-1,-1
2026,-1,-1,-1,-1,-1,3028,-1,-1
2027,-1,-1,-1,-1,-1,162,-1,-1
2028,-1,-1,-1,-1,-1,158,-1,-1
2029,-1,-1,-1,-1,-1,1979,2181,-1
2030,-1,-1,-1,-1,-1,885,-1,-1
2031,-1,-1,-1,-1,-1,445,-1,-1
2032,-1,-1,-1,-1,-1,213,-1,-1
2033,-1,-1,-1,-1,-1,200,-1,-1
2034,-1,-1,-1,-1,-1,225,-1,-1
2035,-1,-1,-1,-1,-1,3429,-1,-1
2036,-1,-1,-1,-1,-1,197,-1,-1
2037,-1,-1,-1,-1,-1,189,-1,-1
2038,-1,-1,-1,-1,-1,590,-1,-1
2039,-1,-1,-1,-1,-1,218,1864,-1
2040,-1,-1,-1,-1,-1,200,-1,-1
2041,-1,-1,-1,-1,-1,2516,7432,19080
2042,-1,-1,-1,-1,-1,266,-1,-1
2043,-1,-1,-1,-1,-1,1224,-1,-1
2044,-1,-1,-1,-1,-1,5022,15028,-1
2045,-1,-1,-1,-1,-1,247,2040,5999
2046,-1,-1,-1,-1,-1,2191,5025,-1
2047,-1,-1,-1,-1,-1,555,2920,-1
2048,-1,-1,-1,-1,-1,5264,-1,-1
2049,-1,-1,-1,-1,-1,216,696,-1
2050,-1,-1,-1,-1,-1,3060,2055,-1
2051,-1,-1,-1,-1,-1,-1,459,-1
2052,-1,-1,-1,-1,-1,-1,136,-1
2053,-1,-1,-1,-1,-1,-1,550,2188
2054,-1,-1,-1,-1,-1,-1,118,-1
2055,-1,-1,-1,-1,-1,-1,389,-1
2056,-1,-1,-1,-1,-1,-1,302,-1
2057,-1,-1,-1,-1,-1,-1,466,-1
2058,-1,-1,-1,-1,-1,-1,179,-1
2059,-1,-1,-1,-1,-1,-1,194,-1
2060,-1,-1,-1,-1,-1,-1,187,-1
2061,-1,-1,-1,-1,-1,-1,120,-1
2062,-1,-1,-1,-1,-1,-1,335,-1
2063,-1,-1,-1,-1,-1,-1,235,-1
2064,-1,-1,-1,-1,-1,-1,271,-1
2065,-1,-1,-1,-1,-1,-1,173,-1
2066,-1,-1,-1,-1,-1,-1,312,397
2067,-1,-1,-1,-1,-1,-1,214,-1
2068,-1,-1,-1,-1,-1,-1,403,306
2069,-1,-1,-1,-1,-1,-1,317,306
2070,-1,-1,-1,-1,-1,-1,779,-1
2071,-1,-1,-1,-1,-1,-1,698,-1
2072,-1,-1,-1,-1,-1,-1,228,306
2073,-1,-1,-1,-1,-1,-1,330,-1
2074,-1,-1,-1,-1,-1,-1,1106,1100
2075,-1,-1,-1,-1,-1,-1,682,832
2076,-1,-1,-1,-1,-1,-1,1030,-1
2077,-1,-1,-1,-1,-1,-1,1503,1824
2078,-1,-1,-1,-1,-1,-1,777,-1
2079,-1,-1,-1,-1,-1,-1,1258,1592
2080,-1,-1,-1,-1,-1,-1,565,1592
2081,-1,-1,-1,-1,-1,-1,578,-1
2082,-1,-1,-1,-1,-1,-1,159,-1
2083,-1,-1,-1,-1,-1,-1,130,189
2084,-1,-1,-1,-1,-1,-1,165,-1
2085,-1,-1,-1,-1,-1,-1,618,-1
2086,-1,-1,-1,-1,-1,-1,270,-1
2087,-1,-1,-1,-1,-1,-1,168,-1
2088,-1,-1,-1,-1,-1,-1,174,334
2089,-1,-1,-1,-1,-1,-1,481,-1
2090,-1,-1,-1,-1,-1,-1,368,-1
2091,-1,-1,-1,-1,-1,-1,1512,-1
2092,-1,-1,-1,-1,-1,-1,344,335
2093,-1,-1,-1,-1,-1,-1,613,-1
2094,-1,-1,-1,-1,-1,-1,251,-1
2095,-1,-1,-1,-1,-1,-1,348,307
2096,-1,-1,-1,-1,-1,-1,277,430
2097,-1,-1,-1,-1,-1,-1,426,562
2098,-1,-1,-1,-1,-1,-1,797,-1
2099,-1,-1,-1,-1,-1,-1,400,-1
2100,-1,-1,-1,-1,-1,-1,457,236
2101,-1,-1,-1,-1,-1,-1,628,-1
2102,-1,-1,-1,-1,-1,-1,1791,5202
2103,-1,-1,-1,-1,-1,-1,1007,-1
2104,-1,-1,-1,-1,-1,-1,1028,-1
2105,-1,-1,-1,-1,-1,-1,1450,-1
2106,-1,-1,-1,-1,-1,-1,1571,-1
2107,-1,-1,-1,-1,-1,-1,1413,-1
2108,-1,-1,-1,-1,-1,-1,1586,-1
2109,-1,-1,-1,-1,-1,-1,219,-1
2110,-1,-1,-1,-1,-1,-1,1031,-1
2111,-1,-1,-1,-1,-1,-1,178,-1
2112,-1,-1,-1,-1,-1,-1,744,-1
2113,-1,-1,-1,-1,-1,-1,110,357
2114,-1,-1,-1,-1,-1,-1,297,222
2115,-1,-1,-1,-1,-1,-1,4754,-1
2116,-1,-1,-1,-1,-1,-1,460,-1
2117,-1,-1,-1,-1,-1,-1,310,-1
2118,-1,-1,-1,-1,-1,-1,325,-1
2119,-1,-1,-1,-1,-1,-1,373,-1
2120,-1,-1,-1,-1,-1,-1,1456,4777
2121,-1,-1,-1,-1,-1,-1,1485,-1
2122,-1,-1,-1,-1,-1,-1,9517,-1
2123,-1,-1,-1,-1,-1,-1,3378,4160
2124,-1,-1,-1,-1,-1,-1,562,1188
2125,-1,-1,-1,-1,-1,-1,1923,-1
2126,-1,-1,-1,-1,-1,-1,1317,1188
2127,-1,-1,-1,-1,-1,-1,1062,-1
2128,-1,-1,-1,-1,-1,-1,235,-1
2129,-1,-1,-1,-1,-1,-1,4448,-1
2130,-1,-1,-1,-1,-1,-1,186,-1
2131,-1,-1,-1,-1,-1,-1,116,-1
2132,-1,-1,-1,-1,-1,-1,1330,-1
2133,-1,-1,-1,-1,-1,-1,1654,-1
2134,-1,-1,-1,-1,-1,-1,2097,-1
2135,-1,-1,-1,-1,-1,-1,936,-1
2136,-1,-1,-1,-1,-1,-1,2422,4657
2137,-1,-1,-1,-1,-1,-1,1267,3150
2138,-1,-1,-1,-1,-1,-1,806,-1
2139,-1,-1,-1,-1,-1,-1,294,648
2140,-1,-1,-1,-1,-1,-1,1462,5646
2141,-1,-1,-1,-1,-1,-1,136,333
2142,-1,-1,-1,-1,-1,-1,431,-1
2143,-1,-1,-1,-1,-1,-1,947,-1
2144,-1,-1,-1,-1,-1,-1,923,1825
2145,-1,-1,-1,-1,-1,-1,771,1825
2146,-1,-1,-1,-1,-1,-1,1671,-1
2147,-1,-1,-1,-1,-1,-1,1046,-1
2148,-1,-1,-1,-1,-1,-1,1618,-1
2149,-1,-1,-1,-1,-1,-1,606,415
2150,-1,-1,-1,-1,-1,-1,586,-1
2151,-1,-1,-1,-1,-1,-1,607,-1
2152,-1,-1,-1,-1,-1,-1,1011,-1
2153,-1,-1,-1,-1,-1,-1,658,-1
2154,-1,-1,-1,-1,-1,-1,1839,-1
2155,-1,-1,-1,-1,-1,-1,2077,-1
2156,-1,-1,-1,-1,-1,-1,1198,1977
2157,-1,-1,-1,-1,-1,-1,540,3261
2158,-1,-1,-1,-1,-1,-1,228,-1
2159,-1,-1,-1,-1,-1,-1,298,-1
2160,-1,-1,-1,-1,-1,-1,544,-1
2161,-1,-1,-1,-1,-1,-1,158,-1
2162,-1,-1,-1,-1,-1,-1,672,2504
2163,-1,-1,-1,-1,-1,-1,279,466
2164,-1,-1,-1,-1,-1,-1,1959,6996
2165,-1,-1,-1,-1,-1,-1,1502,3251
2166,-1,-1,-1,-1,-1,-1,2315,-1
2167,-1,-1,-1,-1,-1,-1,294,331
2168,-1,-1,-1,-1,-1,-1,1119,4152
2169,-1,-1,-1,-1,-1,-1,1359,4624
2170,-1,-1,-1,-1,-1,-1,869,-1
2171,-1,-1,-1,-1,-1,-1,1962,-1
2172,-1,-1,-1,-1,-1,-1,607,-1
2173,-1,-1,-1,-1,-1,-1,571,331
2174,-1,-1,-1,-1,-1,-1,988,-1
2175,-1,-1,-1,-1,-1,-1,2027,-1
2176,-1,-1,-1,-1,-1,-1,627,500
2177,-1,-1,-1,-1,-1,-1,1782,6255
2178,-1,-1,-1,-1,-1,-1,301,-1
2179,-1,-1,-1,-1,-1,-1,161,-1
2180,-1,-1,-1,-1,-1,-1,1403,-1
2181,-1,-1,-1,-1,-1,-1,730,-1
2182,-1,-1,-1,-1,-1,-1,974,-1
2183,-1,-1,-1,-1,-1,-1,2519,-1
2184,-1,-1,-1,-1,-1,-1,1305,-1
2185,-1,-1,-1,-1,-1,-1,5821,-1
2186,-1,-1,-1,-1,-1,-1,570,-1
2187,-1,-1,-1,-1,-1,-1,1155,-1
2188,-1,-1,-1,-1,-1,-1,156,-1
2189,-1,-1,-1,-1,-1,-1,1499,-1
2190,-1,-1,-1,-1,-1,-1,1899,-1
2191,-1,-1,-1,-1,-1,-1,1577,-1
2192,-1,-1,-1,-1,-1,-1,1205,940
2193,-1,-1,-1,-1,-1,-1,711,2826
2194,-1,-1,-1,-1,-1,-1,1444,-1
2195,-1,-1,-1,-1,-1,-1,832,-1
2196,-1,-1,-1,-1,-1,-1,1728,-1
2197,-1,-1,-1,-1,-1,-1,1073,-1
2198,-1,-1,-1,-1,-1,-1,857,2474
2199,-1,-1,-1,-1,-1,-1,1591,-1
2200,-1,-1,-1,-1,-1,-1,1325,5306
2201,-1,-1,-1,-1,-1,-1,568,-1
2202,-1,-1,-1,-1,-1,-1,115,-1
2203,-1,-1,-1,-1,-1,-1,1054,1035
2204,-1,-1,-1,-1,-1,-1,500,-1
2205,-1,-1,-1,-1,-1,-1,1269,-1
2206,-1,-1,-1,-1,-1,-1,672,-1
2207,-1,-1,-1,-1,-1,-1,676,669
2208,-1,-1,-1,-1,-1,-1,570,455
2209,-1,-1,-1,-1,-1,-1,256,-1
2210,-1,-1,-1,-1,-1,-1,571,525
2211,-1,-1,-1,-1,-1,-1,606,434
2212,-1,-1,-1,-1,-1,-1,214,-1
2213,-1,-1,-1,-1,-1,-1,1109,-1
2214,-1,-1,-1,-1,-1,-1,1950,5259
2215,-1,-1,-1,-1,-1,-1,1480,-1
2216,-1,-1,-1,-1,-1,-1,258,-1
2217,-1,-1,-1,-1,-1,-1,2449,-1
2218,-1,-1,-1,-1,-1,-1,1172,-1
2219,-1,-1,-1,-1,-1,-1,347,2858
2220,-1,-1,-1,-1,-1,-1,310,-1
2221,-1,-1,-1,-1,-1,-1,1965,-1
2222,-1,-1,-1,-1,-1,-1,196,-1
2223,-1,-1,-1,-1,-1,-1,1042,-1
2224,-1,-1,-1,-1,-1,-1,387,2858
2225,-1,-1,-1,-1,-1,-1,226,182
2226,-1,-1,-1,-1,-1,-1,2117,-1
2227,-1,-1,-1,-1,-1,-1,272,-1
2228,-1,-1,-1,-1,-1,-1,805,4195
2229,-1,-1,-1,-1,-1,-1,595,-1
2230,-1,-1,-1,-1,-1,-1,604,1895
2231,-1,-1,-1,-1,-1,-1,1204,-1
2232,-1,-1,-1,-1,-1,-1,710,4249
2233,-1,-1,-1,-1,-1,-1,1133,4167
2234,-1,-1,-1,-1,-1,-1,864,-1
2235,-1,-1,-1,-1,-1,-1,436,-1
2236,-1,-1,-1,-1,-1,-1,642,-1
2237,-1,-1,-1,-1,-1,-1,898,-1
2238,-1,-1,-1,-1,-1,-1,217,389
2239,-1,-1,-1,-1,-1,-1,305,168
2240,-1,-1,-1,-1,-1,-1,963,3412
2241,-1,-1,-1,-1,-1,-1,234,-1
2242,-1,-1,-1,-1,-1,-1,260,-1
2243,-1,-1,-1,-1,-1,-1,168,437
2244,-1,-1,-1,-1,-1,-1,1204,-1
2245,-1,-1,-1,-1,-1,-1,548,-1
2246,-1,-1,-1,-1,-1,-1,958,-1
2247,-1,-1,-1,-1,-1,-1,976,2259
2248,-1,-1,-1,-1,-1,-1,330,1894
2249,-1,-1,-1,-1,-1,-1,1475,-1
2250,-1,-1,-1,-1,-1,-1,817,-1
2251,-1,-1,-1,-1,-1,-1,1278,-1
2252,-1,-1,-1,-1,-1,-1,1963,-1
2253,-1,-1,-1,-1,-1,-1,130,-1
2254,-1,-1,-1,-1,-1,-1,1574,-1
2255,-1,-1,-1,-1,-1,-1,344,-1
2256,-1,-1,-1,-1,-1,-1,122,190
2257,-1,-1,-1,-1,-1,-1,1198,-1
2258,-1,-1,-1,-1,-1,-1,176,8705
2259,-1,-1,-1,-1,-1,-1,1700,-1
2260,-1,-1,-1,-1,-1,-1,476,-1
2261,-1,-1,-1,-1,-1,-1,71574,-1
2262,-1,-1,-1,-1,-1,-1,203,395
2263,-1,-1,-1,-1,-1,-1,735,-1
2264,-1,-1,-1,-1,-1,-1,2048,-1
2265,-1,-1,-1,-1,-1,-1,104,-1
2266,-1,-1,-1,-1,-1,-1,1132,-1
2267,-1,-1,-1,-1,-1,-1,159,310
2268,-1,-1,-1,-1,-1,-1,347,2100
2269,-1,-1,-1,-1,-1,-1,800,-1
2270,-1,-1,-1,-1,-1,-1,226,-1
2271,-1,-1,-1,-1,-1,-1,737,-1
2272,-1,-1,-1,-1,-1,-1,571,-1
2273,-1,-1,-1,-1,-1,-1,1150,-1
2274,-1,-1,-1,-1,-1,-1,651,-1
2275,-1,-1,-1,-1,-1,-1,173,-1
2276,-1,-1,-1,-1,-1,-1,303,-1
2277,-1,-1,-1,-1,-1,-1,136,-1
2278,-1,-1,-1,-1,-1,-1,-1,528
2279,-1,-1,-1,-1,-1,-1,-1,1253
2280,-1,-1,-1,-1,-1,-1,-1,639
2281,-1,-1,-1,-1,-1,-1,-1,676
2282,-1,-1,-1,-1,-1,-1,-1,184
2283,-1,-1,-1,-1,-1,-1,-1,2666
2284,-1,-1,-1,-1,-1,-1,-1,255
2285,-1,-1,-1,-1,-1,-1,-1,267
2286,-1,-1,-1,-1,-1,-1,-1,239
2287,-1,-1,-1,-1,-1,-1,-1,252
2288,-1,-1,-1,-1,-1,-1,-1,141
2289,-1,-1,-1,-1,-1,-1,-1,857
2290,-1,-1,-1,-1,-1,-1,-1,393
2291,-1,-1,-1,-1,-1,-1,-1,173
2292,-1,-1,-1,-1,-1,-1,-1,610
2293,-1,-1,-1,-1,-1,-1,-1,316
2294,-1,-1,-1,-1,-1,-1,-1,142
2295,-1,-1,-1,-1,-1,-1,-1,292
2296,-1,-1,-1,-1,-1,-1,-1,126
2297,-1,-1,-1,-1,-1,-1,-1,345
2298,-1,-1,-1,-1,-1,-1,-1,118
2299,-1,-1,-1,-1,-1,-1,-1,440
2300,-1,-1,-1,-1,-1,-1,-1,165
2301,-1,-1,-1,-1,-1,-1,-1,321
2302,-1,-1,-1,-1,-1,-1,-1,137
2303,-1,-1,-1,-1,-1,-1,-1,240
2304,-1,-1,-1,-1,-1,-1,-1,1006
2305,-1,-1,-1,-1,-1,-1,-1,130
2306,-1,-1,-1,-1,-1,-1,-1,146
2307,-1,-1,-1,-1,-1,-1,-1,222
2308,-1,-1,-1,-1,-1,-1,-1,245
2309,-1,-1,-1,-1,-1,-1,-1,174
2310,-1,-1,-1,-1,-1,-1,-1,202
2311,-1,-1,-1,-1,-1,-1,-1,126
2312,-1,-1,-1,-1,-1,-1,-1,440
2313,-1,-1,-1,-1,-1,-1,-1,1237
2314,-1,-1,-1,-1,-1,-1,-1,676
2315,-1,-1,-1,-1,-1,-1,-1,334
2316,-1,-1,-1,-1,-1,-1,-1,122
2317,-1,-1,-1,-1,-1,-1,-1,392
2318,-1,-1,-1,-1,-1,-1,-1,222
2319,-1,-1,-1,-1,-1,-1,-1,188
2320,-1,-1,-1,-1,-1,-1,-1,218
2321,-1,-1,-1,-1,-1,-1,-1,139
2322,-1,-1,-1,-1,-1,-1,-1,325
2323,-1,-1,-1,-1,-1,-1,-1,294
2324,-1,-1,-1,-1,-1,-1,-1,360
2325,-1,-1,-1,-1,-1,-1,-1,350
2326,-1,-1,-1,-1,-1,-1,-1,381
2327,-1,-1,-1,-1,-1,-1,-1,547
2328,-1,-1,-1,-1,-1,-1,-1,453
2329,-1,-1,-1,-1,-1,-1,-1,307
2330,-1,-1,-1,-1,-1,-1,-1,414
2331,-1,-1,-1,-1,-1,-1,-1,137
2332,-1,-1,-1,-1,-1,-1,-1,156
2333,-1,-1,-1,-1,-1,-1,-1,250
2334,-1,-1,-1,-1,-1,-1,-1,198
2335,-1,-1,-1,-1,-1,-1,-1,914
2336,-1,-1,-1,-1,-1,-1,-1,382
2337,-1,-1,-1,-1,-1,-1,-1,1249
2338,-1,-1,-1,-1,-1,-1,-1,340
2339,-1,-1,-1,-1,-1,-1,-1,1243
2340,-1,-1,-1,-1,-1,-1,-1,266
2341,-1,-1,-1,-1,-1,-1,-1,1840
2342,-1,-1,-1,-1,-1,-1,-1,1459
2343,-1,-1,-1,-1,-1,-1,-1,569
2344,-1,-1,-1,-1,-1,-1,-1,3631
2345,-1,-1,-1,-1,-1,-1,-1,346
2346,-1,-1,-1,-1,-1,-1,-1,296
2347,-1,-1,-1,-1,-1,-1,-1,263
2348,-1,-1,-1,-1,-1,-1,-1,184
2349,-1,-1,-1,-1,-1,-1,-1,117
2350,-1,-1,-1,-1,-1,-1,-1,264
2351,-1,-1,-1,-1,-1,-1,-1,212
2352,-1,-1,-1,-1,-1,-1,-1,253
2353,-1,-1,-1,-1,-1,-1,-1,197
2354,-1,-1,-1,-1,-1,-1,-1,1444
2355,-1,-1,-1,-1,-1,-1,-1,257
2356,-1,-1,-1,-1,-1,-1,-1,143
2357,-1,-1,-1,-1,-1,-1,-1,902
2358,-1,-1,-1,-1,-1,-1,-1,102
2359,-1,-1,-1,-1,-1,-1,-1,164
2360,-1,-1,-1,-1,-1,-1,-1,258
2361,-1,-1,-1,-1,-1,-1,-1,198
2362,-1,-1,-1,-1,-1,-1,-1,114
2363,-1,-1,-1,-1,-1,-1,-1,126
2364,-1,-1,-1,-1,-1,-1,-1,188
2365,-1,-1,-1,-1,-1,-1,-1,182
2366,-1,-1,-1,-1,-1,-1,-1,154
2367,-1,-1,-1,-1,-1,-1,-1,241
2368,-1,-1,-1,-1,-1,-1,-1,254
2369,-1,-1,-1,-1,-1,-1,-1,364
2370,-1,-1,-1,-1,-1,-1,-1,1031
2371,-1,-1,-1,-1,-1,-1,-1,353
2372,-1,-1,-1,-1,-1,-1,-1,285
2373,-1,-1,-1,-1,-1,-1,-1,599
2374,-1,-1,-1,-1,-1,-1,-1,1072
2375,-1,-1,-1,-1,-1,-1,-1,228
2376,-1,-1,-1,-1,-1,-1,-1,159
2377,-1,-1,-1,-1,-1,-1,-1,154
2378,-1,-1,-1,-1,-1,-1,-1,1406
2379,-1,-1,-1,-1,-1,-1,-1,166
2380,-1,-1,-1,-1,-1,-1,-1,3473
2381,-1,-1,-1,-1,-1,-1,-1,256
2382,-1,-1,-1,-1,-1,-1,-1,203
2383,-1,-1,-1,-1,-1,-1,-1,307
2384,-1,-1,-1,-1,-1,-1,-1,174
2385,-1,-1,-1,-1,-1,-1,-1,345
2386,-1,-1,-1,-1,-1,-1,-1,1158
2387,-1,-1,-1,-1,-1,-1,-1,8374
2388,-1,-1,-1,-1,-1,-1,-1,203
2389,-1,-1,-1,-1,-1,-1,-1,248
2390,-1,-1,-1,-1,-1,-1,-1,178
2391,-1,-1,-1,-1,-1,-1,-1,324
2392,-1,-1,-1,-1,-1,-1,-1,656
2393,-1,-1,-1,-1,-1,-1,-1,704
2394,-1,-1,-1,-1,-1,-1,-1,176
2395,-1,-1,-1,-1,-1,-1,-1,424
2396,-1,-1,-1,-1,-1,-1,-1,126
2397,-1,-1,-1,-1,-1,-1,-1,1655
2398,-1,-1,-1,-1,-1,-1,-1,3064
2399,-1,-1,-1,-1,-1,-1,-1,685
2400,-1,-1,-1,-1,-1,-1,-1,930
2401,-1,-1,-1,-1,-1,-1,-1,270
2402,-1,-1,-1,-1,-1,-1,-1,227
2403,-1,-1,-1,-1,-1,-1,-1,148
2404,-1,-1,-1,-1,-1,-1,-1,180
2405,-1,-1,-1,-1,-1,-1,-1,166
2406,-1,-1,-1,-1,-1,-1,-1,776
2407,-1,-1,-1,-1,-1,-1,-1,186
2408,-1,-1,-1,-1,-1,-1,-1,323
2409,-1,-1,-1,-1,-1,-1,-1,158
2410,-1,-1,-1,-1,-1,-1,-1,202
2411,-1,-1,-1,-1,-1,-1,-1,210
2412,-1,-1,-1,-1,-1,-1,-1,318
2413,-1,-1,-1,-1,-1,-1,-1,291
2414,-1,-1,-1,-1,-1,-1,-1,701
2415,-1,-1,-1,-1,-1,-1,-1,228
2416,-1,-1,-1,-1,-1,-1,-1,121
2417,-1,-1,-1,-1,-1,-1,-1,259
2418,-1,-1,-1,-1,-1,-1,-1,118
2419,-1,-1,-1,-1,-1,-1,-1,260
2420,-1,-1,-1,-1,-1,-1,-1,152
2421,-1,-1,-1,-1,-1,-1,-1,162
2422,-1,-1,-1,-1,-1,-1,-1,134
2423,-1,-1,-1,-1,-1,-1,-1,1123
2424,-1,-1,-1,-1,-1,-1,-1,120
2425,-1,-1,-1,-1,-1,-1,-1,2819
2426,-1,-1,-1,-1,-1,-1,-1,239
2427,-1,-1,-1,-1,-1,-1,-1,234
2428,-1,-1,-1,-1,-1,-1,-1,169
2429,-1,-1,-1,-1,-1,-1,-1,2697
2430,-1,-1,-1,-1,-1,-1,-1,695
2431,-1,-1,-1,-1,-1,-1,-1,2522
2432,-1,-1,-1,-1,-1,-1,-1,1278
2433,-1,-1,-1,-1,-1,-1,-1,698
2434,-1,-1,-1,-1,-1,-1,-1,224
2435,-1,-1,-1,-1,-1,-1,-1,118
2436,-1,-1,-1,-1,-1,-1,-1,355
2437,-1,-1,-1,-1,-1,-1,-1,335
2438,-1,-1,-1,-1,-1,-1,-1,196
2439,-1,-1,-1,-1,-1,-1,-1,216
2440,-1,-1,-1,-1,-1,-1,-1,187
2441,-1,-1,-1,-1,-1,-1,-1,1155
2442,-1,-1,-1,-1,-1,-1,-1,2242
2443,-1,-1,-1,-1,-1,-1,-1,230
2444,-1,-1,-1,-1,-1,-1,-1,1288
2445,-1,-1,-1,-1,-1,-1,-1,1841
2446,-1,-1,-1,-1,-1,-1,-1,2063
2447,-1,-1,-1,-1,-1,-1,-1,2449
2448,-1,-1,-1,-1,-1,-1,-1,1612
2449,-1,-1,-1,-1,-1,-1,-1,328
2450,-1,-1,-1,-1,-1,-1,-1,199
2451,-1,-1,-1,-1,-1,-1,-1,2927
2452,-1,-1,-1,-1,-1,-1,-1,1647
2453,-1,-1,-1,-1,-1,-1,-1,2631
2454,-1,-1,-1,-1,-1,-1,-1,3763
2455,-1,-1,-1,-1,-1,-1,-1,118
2456,-1,-1,-1,-1,-1,-1,-1,102
2457,-1,-1,-1,-1,-1,-1,-1,2261
2458,-1,-1,-1,-1,-1,-1,-1,2980
